TrialOrder,Block,Trial,Sentence,Verb,Noun1,Noun2,Type,List,Bias,AudioFile,CongruentPic,IncongruentPic,image1,image2,targetlocation,image1type,image2type,moddirection,instdirection,VerbTime,audiodur,Rand,GitLink_image1,GitLink_image2,GitLink_AudioFile
1,Pre,63,Tom inspected the fox with the telescope,inspected,fox,telescope,Sentence,1,ModControl,tomfoxtelescope_nopauses.mp3,tomfoxtelescopemodleft.png,tomfoxtelescopeinstright.png,tomfoxtelescopeinstright.png,tomfoxtelescopemodleft.png,2,inst,mod,L,R,505,2934,0.011673284,https://github.com/kelly-marshall/DriftDiffusionAdaptation/blob/main/Pictures/modbias_list1_pre/tomfoxtelescopeinstright.png?raw=true,https://github.com/kelly-marshall/DriftDiffusionAdaptation/blob/main/Pictures/modbias_list1_pre/tomfoxtelescopemodleft.png?raw=true,https://github.com/kelly-marshall/DriftDiffusionAdaptation/blob/main/AudioFiles/modbias_list1_pre/tomfoxtelescope_nopauses.mp3?raw=true
2,Pre,45,Tom chose the whale with the baseball bat,chose,whale,baseball bat,Sentence,1,ModControl,tomwhalebaseballbat_nopauses.mp3,tomwhalebaseballbatmodleft.png,tomwhalebaseballbatinstright.png,tomwhalebaseballbatinstright.png,tomwhalebaseballbatmodleft.png,2,inst,mod,L,R,510,2778,0.011720807,https://github.com/kelly-marshall/DriftDiffusionAdaptation/blob/main/Pictures/modbias_list1_pre/tomwhalebaseballbatinstright.png?raw=true,https://github.com/kelly-marshall/DriftDiffusionAdaptation/blob/main/Pictures/modbias_list1_pre/tomwhalebaseballbatmodleft.png?raw=true,https://github.com/kelly-marshall/DriftDiffusionAdaptation/blob/main/AudioFiles/modbias_list1_pre/tomwhalebaseballbat_nopauses.mp3?raw=true
3,Pre,18,Kate felt the turtle with the brush,felt,turtle,brush,Sentence,1,ModControl,kateturtlebrush_nopauses.mp3,kateturtlebrushmodright.png,kateturtlebrushinstleft.png,kateturtlebrushmodright.png,kateturtlebrushinstleft.png,1,mod,inst,R,L,353,2309,0.020206698,https://github.com/kelly-marshall/DriftDiffusionAdaptation/blob/main/Pictures/modbias_list1_pre/kateturtlebrushmodright.png?raw=true,https://github.com/kelly-marshall/DriftDiffusionAdaptation/blob/main/Pictures/modbias_list1_pre/kateturtlebrushinstleft.png?raw=true,https://github.com/kelly-marshall/DriftDiffusionAdaptation/blob/main/AudioFiles/modbias_list1_pre/kateturtlebrush_nopauses.mp3?raw=true
4,Pre,72,Kate inspected the hawk with the microscope,inspected,hawk,microscope,Sentence,1,ModControl,katehawkmicroscope_nopauses.mp3,katehawkmicroscopemodright.png,katehawkmicroscopeinstleft.png,katehawkmicroscopemodright.png,katehawkmicroscopeinstleft.png,1,mod,inst,R,L,331,2865,0.035425869,https://github.com/kelly-marshall/DriftDiffusionAdaptation/blob/main/Pictures/modbias_list1_pre/katehawkmicroscopemodright.png?raw=true,https://github.com/kelly-marshall/DriftDiffusionAdaptation/blob/main/Pictures/modbias_list1_pre/katehawkmicroscopeinstleft.png?raw=true,https://github.com/kelly-marshall/DriftDiffusionAdaptation/blob/main/AudioFiles/modbias_list1_pre/katehawkmicroscope_nopauses.mp3?raw=true
5,Pre,31,Tom moved the pig with the pitchfork,moved,pig,pitchfork,Sentence,1,ModControl,tompigpitchfork_nopauses.mp3,tompigpitchforkmodright.png,tompigpitchforkinstleft.png,tompigpitchforkmodright.png,tompigpitchforkinstleft.png,1,mod,inst,R,L,474,2825,0.042316209,https://github.com/kelly-marshall/DriftDiffusionAdaptation/blob/main/Pictures/modbias_list1_pre/tompigpitchforkmodright.png?raw=true,https://github.com/kelly-marshall/DriftDiffusionAdaptation/blob/main/Pictures/modbias_list1_pre/tompigpitchforkinstleft.png?raw=true,https://github.com/kelly-marshall/DriftDiffusionAdaptation/blob/main/AudioFiles/modbias_list1_pre/tompigpitchfork_nopauses.mp3?raw=true
6,Pre,19,Tom felt the pig with the cloth,felt,pig,cloth,Sentence,1,ModControl,tompigcloth_nopauses.mp3,tompigclothmodleft.png,tompigclothinstright.png,tompigclothinstright.png,tompigclothmodleft.png,2,inst,mod,L,R,448,2273,0.10499255,https://github.com/kelly-marshall/DriftDiffusionAdaptation/blob/main/Pictures/modbias_list1_pre/tompigclothinstright.png?raw=true,https://github.com/kelly-marshall/DriftDiffusionAdaptation/blob/main/Pictures/modbias_list1_pre/tompigclothmodleft.png?raw=true,https://github.com/kelly-marshall/DriftDiffusionAdaptation/blob/main/AudioFiles/modbias_list1_pre/tompigcloth_nopauses.mp3?raw=true
7,Pre,21,Tom felt the whale with the cloth,felt,whale,cloth,Sentence,1,ModControl,tomwhalecloth_nopauses.mp3,tomwhaleclothmodleft.png,tomwhaleclothinstright.png,tomwhaleclothinstright.png,tomwhaleclothmodleft.png,2,inst,mod,L,R,500,2327,0.107812705,https://github.com/kelly-marshall/DriftDiffusionAdaptation/blob/main/Pictures/modbias_list1_pre/tomwhaleclothinstright.png?raw=true,https://github.com/kelly-marshall/DriftDiffusionAdaptation/blob/main/Pictures/modbias_list1_pre/tomwhaleclothmodleft.png?raw=true,https://github.com/kelly-marshall/DriftDiffusionAdaptation/blob/main/AudioFiles/modbias_list1_pre/tomwhalecloth_nopauses.mp3?raw=true
8,Pre,22,Kate felt the gorilla with the cloth,felt,gorilla,cloth,Sentence,1,ModControl,kategorillacloth_nopauses.mp3,kategorillaclothmodright.png,kategorillaclothinstleft.png,kategorillaclothmodright.png,kategorillaclothinstleft.png,1,mod,inst,R,L,441,2417,0.1133802,https://github.com/kelly-marshall/DriftDiffusionAdaptation/blob/main/Pictures/modbias_list1_pre/kategorillaclothmodright.png?raw=true,https://github.com/kelly-marshall/DriftDiffusionAdaptation/blob/main/Pictures/modbias_list1_pre/kategorillaclothinstleft.png?raw=true,https://github.com/kelly-marshall/DriftDiffusionAdaptation/blob/main/AudioFiles/modbias_list1_pre/kategorillacloth_nopauses.mp3?raw=true
9,Pre,13,Tom felt the dolphin with the brush,felt,dolphin,brush,Sentence,1,ModControl,tomdolphinbrush_nopauses.mp3,tomdolphinbrushmodleft.png,tomdolphinbrushinstright.png,tomdolphinbrushinstright.png,tomdolphinbrushmodleft.png,2,inst,mod,L,R,462,2387,0.121703288,https://github.com/kelly-marshall/DriftDiffusionAdaptation/blob/main/Pictures/modbias_list1_pre/tomdolphinbrushinstright.png?raw=true,https://github.com/kelly-marshall/DriftDiffusionAdaptation/blob/main/Pictures/modbias_list1_pre/tomdolphinbrushmodleft.png?raw=true,https://github.com/kelly-marshall/DriftDiffusionAdaptation/blob/main/AudioFiles/modbias_list1_pre/tomdolphinbrush_nopauses.mp3?raw=true
10,Pre,51,Tom glanced at the fox with the glass,glanced,fox,glass,Sentence,1,ModControl,tomfoxglass_nopauses.mp3,tomfoxglassmodright.png,tomfoxglassinstleft.png,tomfoxglassmodright.png,tomfoxglassinstleft.png,1,mod,inst,R,L,548,2550,0.129789486,https://github.com/kelly-marshall/DriftDiffusionAdaptation/blob/main/Pictures/modbias_list1_pre/tomfoxglassmodright.png?raw=true,https://github.com/kelly-marshall/DriftDiffusionAdaptation/blob/main/Pictures/modbias_list1_pre/tomfoxglassinstleft.png?raw=true,https://github.com/kelly-marshall/DriftDiffusionAdaptation/blob/main/AudioFiles/modbias_list1_pre/tomfoxglass_nopauses.mp3?raw=true
11,Pre,42,Kate chose the turtle with the pen,chose,turtle,pen,Sentence,1,ModControl,kateturtlepen_nopauses.mp3,kateturtlepenmodright.png,kateturtlepeninstleft.png,kateturtlepenmodright.png,kateturtlepeninstleft.png,1,mod,inst,R,L,345,2285,0.130742428,https://github.com/kelly-marshall/DriftDiffusionAdaptation/blob/main/Pictures/modbias_list1_pre/kateturtlepenmodright.png?raw=true,https://github.com/kelly-marshall/DriftDiffusionAdaptation/blob/main/Pictures/modbias_list1_pre/kateturtlepeninstleft.png?raw=true,https://github.com/kelly-marshall/DriftDiffusionAdaptation/blob/main/AudioFiles/modbias_list1_pre/kateturtlepen_nopauses.mp3?raw=true
12,Pre,43,Tom chose the pig with the baseball bat,chose,pig,baseball bat,Sentence,1,ModControl,tompigbaseballbat_nopauses.mp3,tompigbaseballbatmodleft.png,tompigbaseballbatinstright.png,tompigbaseballbatinstright.png,tompigbaseballbatmodleft.png,2,inst,mod,L,R,460,2592,0.140481122,https://github.com/kelly-marshall/DriftDiffusionAdaptation/blob/main/Pictures/modbias_list1_pre/tompigbaseballbatinstright.png?raw=true,https://github.com/kelly-marshall/DriftDiffusionAdaptation/blob/main/Pictures/modbias_list1_pre/tompigbaseballbatmodleft.png?raw=true,https://github.com/kelly-marshall/DriftDiffusionAdaptation/blob/main/AudioFiles/modbias_list1_pre/tompigbaseballbat_nopauses.mp3?raw=true
13,Pre,29,Tom moved the frog with the tree branch,moved,frog,treebranch,Sentence,1,ModControl,tomfrogtreebranch_nopauses.mp3,tomfrogtreebranchmodright.png,tomfrogtreebranchinstleft.png,tomfrogtreebranchmodright.png,tomfrogtreebranchinstleft.png,1,mod,inst,R,L,519,2955,0.152834101,https://github.com/kelly-marshall/DriftDiffusionAdaptation/blob/main/Pictures/modbias_list1_pre/tomfrogtreebranchmodright.png?raw=true,https://github.com/kelly-marshall/DriftDiffusionAdaptation/blob/main/Pictures/modbias_list1_pre/tomfrogtreebranchinstleft.png?raw=true,https://github.com/kelly-marshall/DriftDiffusionAdaptation/blob/main/AudioFiles/modbias_list1_pre/tomfrogtreebranch_nopauses.mp3?raw=true
14,Pre,8,Kate located the girl with the glasses,located,girl,glasses,Sentence,1,ModControl,kategirlglasses_nopauses.mp3,kategirlglassesmodleft.png,kategirlglassesinstright.png,kategirlglassesinstright.png,kategirlglassesmodleft.png,2,inst,mod,L,R,394,2812,0.169446873,https://github.com/kelly-marshall/DriftDiffusionAdaptation/blob/main/Pictures/modbias_list1_pre/kategirlglassesinstright.png?raw=true,https://github.com/kelly-marshall/DriftDiffusionAdaptation/blob/main/Pictures/modbias_list1_pre/kategirlglassesmodleft.png?raw=true,https://github.com/kelly-marshall/DriftDiffusionAdaptation/blob/main/AudioFiles/modbias_list1_pre/kategirlglasses_nopauses.mp3?raw=true
15,Pre,39,Tom chose the fox with the pen,chose,fox,pen,Sentence,1,ModControl,tomfoxpen_nopauses.mp3,tomfoxpenmodleft.png,tomfoxpeninstright.png,tomfoxpeninstright.png,tomfoxpenmodleft.png,2,inst,mod,L,R,469,2132,0.177933744,https://github.com/kelly-marshall/DriftDiffusionAdaptation/blob/main/Pictures/modbias_list1_pre/tomfoxpeninstright.png?raw=true,https://github.com/kelly-marshall/DriftDiffusionAdaptation/blob/main/Pictures/modbias_list1_pre/tomfoxpenmodleft.png?raw=true,https://github.com/kelly-marshall/DriftDiffusionAdaptation/blob/main/AudioFiles/modbias_list1_pre/tomfoxpen_nopauses.mp3?raw=true
16,Pre,7,Tom located the pig with the glasses,located,pig,glasses,Sentence,1,ModControl,tompigglasses_nopauses.mp3,tompigglassesmodright.png,tompigglassesinstleft.png,tompigglassesmodright.png,tompigglassesinstleft.png,1,mod,inst,R,L,456,2945,0.223440883,https://github.com/kelly-marshall/DriftDiffusionAdaptation/blob/main/Pictures/modbias_list1_pre/tompigglassesmodright.png?raw=true,https://github.com/kelly-marshall/DriftDiffusionAdaptation/blob/main/Pictures/modbias_list1_pre/tompigglassesinstleft.png?raw=true,https://github.com/kelly-marshall/DriftDiffusionAdaptation/blob/main/AudioFiles/modbias_list1_pre/tompigglasses_nopauses.mp3?raw=true
17,Pre,16,Kate felt the lion with the brush,felt,lion,brush,Sentence,1,ModControl,katelionbrush_nopauses.mp3,katelionbrushmodright.png,katelionbrushinstleft.png,katelionbrushmodright.png,katelionbrushinstleft.png,1,mod,inst,R,L,379,2236,0.238197582,https://github.com/kelly-marshall/DriftDiffusionAdaptation/blob/main/Pictures/modbias_list1_pre/katelionbrushmodright.png?raw=true,https://github.com/kelly-marshall/DriftDiffusionAdaptation/blob/main/Pictures/modbias_list1_pre/katelionbrushinstleft.png?raw=true,https://github.com/kelly-marshall/DriftDiffusionAdaptation/blob/main/AudioFiles/modbias_list1_pre/katelionbrush_nopauses.mp3?raw=true
18,Pre,10,Kate located the gorilla with the glasses,located,gorilla,glasses,Sentence,1,ModControl,kategorillaglasses_nopauses.mp3,kategorillaglassesmodleft.png,kategorillaglassesinstright.png,kategorillaglassesinstright.png,kategorillaglassesmodleft.png,2,inst,mod,L,R,409,3061,0.244053203,https://github.com/kelly-marshall/DriftDiffusionAdaptation/blob/main/Pictures/modbias_list1_pre/kategorillaglassesinstright.png?raw=true,https://github.com/kelly-marshall/DriftDiffusionAdaptation/blob/main/Pictures/modbias_list1_pre/kategorillaglassesmodleft.png?raw=true,https://github.com/kelly-marshall/DriftDiffusionAdaptation/blob/main/AudioFiles/modbias_list1_pre/kategorillaglasses_nopauses.mp3?raw=true
19,Pre,27,Tom moved the fox with the tree branch,moved,fox,treebranch,Sentence,1,ModControl,tomfoxtreebranch_nopauses.mp3,tomfoxtreebranchmodright.png,tomfoxtreebranchinstleft.png,tomfoxtreebranchmodright.png,tomfoxtreebranchinstleft.png,1,mod,inst,R,L,475,2789,0.280167234,https://github.com/kelly-marshall/DriftDiffusionAdaptation/blob/main/Pictures/modbias_list1_pre/tomfoxtreebranchmodright.png?raw=true,https://github.com/kelly-marshall/DriftDiffusionAdaptation/blob/main/Pictures/modbias_list1_pre/tomfoxtreebranchinstleft.png?raw=true,https://github.com/kelly-marshall/DriftDiffusionAdaptation/blob/main/AudioFiles/modbias_list1_pre/tomfoxtreebranch_nopauses.mp3?raw=true
20,Pre,24,Kate felt the hawk with the cloth,felt,hawk,cloth,Sentence,1,ModControl,katehawkcloth_nopauses.mp3,katehawkclothmodright.png,katehawkclothinstleft.png,katehawkclothmodright.png,katehawkclothinstleft.png,1,mod,inst,R,L,345,2220,0.284261166,https://github.com/kelly-marshall/DriftDiffusionAdaptation/blob/main/Pictures/modbias_list1_pre/katehawkclothmodright.png?raw=true,https://github.com/kelly-marshall/DriftDiffusionAdaptation/blob/main/Pictures/modbias_list1_pre/katehawkclothinstleft.png?raw=true,https://github.com/kelly-marshall/DriftDiffusionAdaptation/blob/main/AudioFiles/modbias_list1_pre/katehawkcloth_nopauses.mp3?raw=true
21,Pre,35,Tom moved the buffalo with the pitchfork,moved,buffalo,pitchfork,Sentence,1,ModControl,tombuffalopitchfork_nopauses.mp3,tombuffalopitchforkmodright.png,tombuffalopitchforkinstleft.png,tombuffalopitchforkmodright.png,tombuffalopitchforkinstleft.png,1,mod,inst,R,L,466,2858,0.300081464,https://github.com/kelly-marshall/DriftDiffusionAdaptation/blob/main/Pictures/modbias_list1_pre/tombuffalopitchforkmodright.png?raw=true,https://github.com/kelly-marshall/DriftDiffusionAdaptation/blob/main/Pictures/modbias_list1_pre/tombuffalopitchforkinstleft.png?raw=true,https://github.com/kelly-marshall/DriftDiffusionAdaptation/blob/main/AudioFiles/modbias_list1_pre/tombuffalopitchfork_nopauses.mp3?raw=true
22,Pre,3,Tom located the fox with the magnifying glass,located,fox,magnifyingglass,Sentence,1,ModControl,tomfoxmagnifyingglass_nopauses.mp3,tomfoxmagnifyingglassmodright.png,tomfoxmagnifyingglassinstleft.png,tomfoxmagnifyingglassmodright.png,tomfoxmagnifyingglassinstleft.png,1,mod,inst,R,L,548,3692,0.308875733,https://github.com/kelly-marshall/DriftDiffusionAdaptation/blob/main/Pictures/modbias_list1_pre/tomfoxmagnifyingglassmodright.png?raw=true,https://github.com/kelly-marshall/DriftDiffusionAdaptation/blob/main/Pictures/modbias_list1_pre/tomfoxmagnifyingglassinstleft.png?raw=true,https://github.com/kelly-marshall/DriftDiffusionAdaptation/blob/main/AudioFiles/modbias_list1_pre/tomfoxmagnifyingglass_nopauses.mp3?raw=true
23,Pre,6,Kate located the turtle with the magnifying glass,located,turtle,magnifyingglass,Sentence,1,ModControl,kateturtlemagnifyingglass_nopauses.mp3,kateturtlemagnifyingglassmodleft.png,kateturtlemagnifyingglassinstright.png,kateturtlemagnifyingglassinstright.png,kateturtlemagnifyingglassmodleft.png,2,inst,mod,L,R,384,3425,0.31051789,https://github.com/kelly-marshall/DriftDiffusionAdaptation/blob/main/Pictures/modbias_list1_pre/kateturtlemagnifyingglassinstright.png?raw=true,https://github.com/kelly-marshall/DriftDiffusionAdaptation/blob/main/Pictures/modbias_list1_pre/kateturtlemagnifyingglassmodleft.png?raw=true,https://github.com/kelly-marshall/DriftDiffusionAdaptation/blob/main/AudioFiles/modbias_list1_pre/kateturtlemagnifyingglass_nopauses.mp3?raw=true
24,Pre,60,Kate glanced at the hawk with the mirror,glanced,hawk,mirror,Sentence,1,ModControl,katehawkmirror_nopauses.mp3,katehawkmirrormodleft.png,katehawkmirrorinstright.png,katehawkmirrorinstright.png,katehawkmirrormodleft.png,2,inst,mod,L,R,412,2769,0.328660439,https://github.com/kelly-marshall/DriftDiffusionAdaptation/blob/main/Pictures/modbias_list1_pre/katehawkmirrorinstright.png?raw=true,https://github.com/kelly-marshall/DriftDiffusionAdaptation/blob/main/Pictures/modbias_list1_pre/katehawkmirrormodleft.png?raw=true,https://github.com/kelly-marshall/DriftDiffusionAdaptation/blob/main/AudioFiles/modbias_list1_pre/katehawkmirror_nopauses.mp3?raw=true
25,Pre,44,Kate chose the girl with the baseball bat,chose,girl,baseball bat,Sentence,1,ModControl,kategirlbaseballbat_nopauses.mp3,kategirlbaseballbatmodright.png,kategirlbaseballbatinstleft.png,kategirlbaseballbatmodright.png,kategirlbaseballbatinstleft.png,1,mod,inst,R,L,364,2599,0.332623886,https://github.com/kelly-marshall/DriftDiffusionAdaptation/blob/main/Pictures/modbias_list1_pre/kategirlbaseballbatmodright.png?raw=true,https://github.com/kelly-marshall/DriftDiffusionAdaptation/blob/main/Pictures/modbias_list1_pre/kategirlbaseballbatinstleft.png?raw=true,https://github.com/kelly-marshall/DriftDiffusionAdaptation/blob/main/AudioFiles/modbias_list1_pre/kategirlbaseballbat_nopauses.mp3?raw=true
26,Pre,48,Kate chose the hawk with the baseball bat,chose,hawk,baseball bat,Sentence,1,ModControl,katehawkbaseballbat_nopauses.mp3,katehawkbaseballbatmodright.png,katehawkbaseballbatinstleft.png,katehawkbaseballbatmodright.png,katehawkbaseballbatinstleft.png,1,mod,inst,R,L,344,2422,0.336716299,https://github.com/kelly-marshall/DriftDiffusionAdaptation/blob/main/Pictures/modbias_list1_pre/katehawkbaseballbatmodright.png?raw=true,https://github.com/kelly-marshall/DriftDiffusionAdaptation/blob/main/Pictures/modbias_list1_pre/katehawkbaseballbatinstleft.png?raw=true,https://github.com/kelly-marshall/DriftDiffusionAdaptation/blob/main/AudioFiles/modbias_list1_pre/katehawkbaseballbat_nopauses.mp3?raw=true
27,Pre,49,Tom glanced at the dolphin with the glass,glanced,dolphin,glass,Sentence,1,ModControl,tomdolphinglass_nopauses.mp3,tomdolphinglassmodright.png,tomdolphinglassinstleft.png,tomdolphinglassmodright.png,tomdolphinglassinstleft.png,1,mod,inst,R,L,560,3043,0.347702182,https://github.com/kelly-marshall/DriftDiffusionAdaptation/blob/main/Pictures/modbias_list1_pre/tomdolphinglassmodright.png?raw=true,https://github.com/kelly-marshall/DriftDiffusionAdaptation/blob/main/Pictures/modbias_list1_pre/tomdolphinglassinstleft.png?raw=true,https://github.com/kelly-marshall/DriftDiffusionAdaptation/blob/main/AudioFiles/modbias_list1_pre/tomdolphinglass_nopauses.mp3?raw=true
28,Pre,5,Tom located the frog with the magnifying glass,located,frog,magnifyingglass,Sentence,1,ModControl,tomfrogmagnifyingglass_nopauses.mp3,tomfrogmagnifyingglassmodright.png,tomfrogmagnifyingglassinstleft.png,tomfrogmagnifyingglassmodright.png,tomfrogmagnifyingglassinstleft.png,1,mod,inst,R,L,402,3592,0.354621326,https://github.com/kelly-marshall/DriftDiffusionAdaptation/blob/main/Pictures/modbias_list1_pre/tomfrogmagnifyingglassmodright.png?raw=true,https://github.com/kelly-marshall/DriftDiffusionAdaptation/blob/main/Pictures/modbias_list1_pre/tomfrogmagnifyingglassinstleft.png?raw=true,https://github.com/kelly-marshall/DriftDiffusionAdaptation/blob/main/AudioFiles/modbias_list1_pre/tomfrogmagnifyingglass_nopauses.mp3?raw=true
29,Pre,47,Tom chose the buffalo with the baseball bat,chose,buffalo,baseball bat,Sentence,1,ModControl,tombuffalobaseballbat_nopauses.mp3,tombuffalobaseballbatmodleft.png,tombuffalobaseballbatinstright.png,tombuffalobaseballbatinstright.png,tombuffalobaseballbatmodleft.png,2,inst,mod,L,R,521,2954,0.368677626,https://github.com/kelly-marshall/DriftDiffusionAdaptation/blob/main/Pictures/modbias_list1_pre/tombuffalobaseballbatinstright.png?raw=true,https://github.com/kelly-marshall/DriftDiffusionAdaptation/blob/main/Pictures/modbias_list1_pre/tombuffalobaseballbatmodleft.png?raw=true,https://github.com/kelly-marshall/DriftDiffusionAdaptation/blob/main/AudioFiles/modbias_list1_pre/tombuffalobaseballbat_nopauses.mp3?raw=true
30,Pre,71,Tom inspected the buffalo with the microscope,inspected,buffalo,microscope,Sentence,1,ModControl,tombuffalomicroscope_nopauses.mp3,tombuffalomicroscopemodleft.png,tombuffalomicroscopeinstright.png,tombuffalomicroscopeinstright.png,tombuffalomicroscopemodleft.png,2,inst,mod,L,R,477,3397,0.379530483,https://github.com/kelly-marshall/DriftDiffusionAdaptation/blob/main/Pictures/modbias_list1_pre/tombuffalomicroscopeinstright.png?raw=true,https://github.com/kelly-marshall/DriftDiffusionAdaptation/blob/main/Pictures/modbias_list1_pre/tombuffalomicroscopemodleft.png?raw=true,https://github.com/kelly-marshall/DriftDiffusionAdaptation/blob/main/AudioFiles/modbias_list1_pre/tombuffalomicroscope_nopauses.mp3?raw=true
31,Pre,11,Tom located the buffalo with the glasses,located,buffalo,glasses,Sentence,1,ModControl,tombuffaloglasses_nopauses.mp3,tombuffaloglassesmodright.png,tombuffaloglassesinstleft.png,tombuffaloglassesmodright.png,tombuffaloglassesinstleft.png,1,mod,inst,R,L,459,3183,0.410677354,https://github.com/kelly-marshall/DriftDiffusionAdaptation/blob/main/Pictures/modbias_list1_pre/tombuffaloglassesmodright.png?raw=true,https://github.com/kelly-marshall/DriftDiffusionAdaptation/blob/main/Pictures/modbias_list1_pre/tombuffaloglassesinstleft.png?raw=true,https://github.com/kelly-marshall/DriftDiffusionAdaptation/blob/main/AudioFiles/modbias_list1_pre/tombuffaloglasses_nopauses.mp3?raw=true
32,Pre,20,Kate felt the girl with the cloth,felt,girl,cloth,Sentence,1,ModControl,kategirlcloth_nopauses.mp3,kategirlclothmodright.png,kategirlclothinstleft.png,kategirlclothmodright.png,kategirlclothinstleft.png,1,mod,inst,R,L,352,2151,0.448853355,https://github.com/kelly-marshall/DriftDiffusionAdaptation/blob/main/Pictures/modbias_list1_pre/kategirlclothmodright.png?raw=true,https://github.com/kelly-marshall/DriftDiffusionAdaptation/blob/main/Pictures/modbias_list1_pre/kategirlclothinstleft.png?raw=true,https://github.com/kelly-marshall/DriftDiffusionAdaptation/blob/main/AudioFiles/modbias_list1_pre/kategirlcloth_nopauses.mp3?raw=true
33,Pre,66,Kate inspected the turtle with the telescope,inspected,turtle,telescope,Sentence,1,ModControl,kateturtletelescope_nopauses.mp3,kateturtletelescopemodright.png,kateturtletelescopeinstleft.png,kateturtletelescopemodright.png,kateturtletelescopeinstleft.png,1,mod,inst,R,L,354,2963,0.500192982,https://github.com/kelly-marshall/DriftDiffusionAdaptation/blob/main/Pictures/modbias_list1_pre/kateturtletelescopemodright.png?raw=true,https://github.com/kelly-marshall/DriftDiffusionAdaptation/blob/main/Pictures/modbias_list1_pre/kateturtletelescopeinstleft.png?raw=true,https://github.com/kelly-marshall/DriftDiffusionAdaptation/blob/main/AudioFiles/modbias_list1_pre/kateturtletelescope_nopauses.mp3?raw=true
34,Pre,56,Kate glanced at the girl with the mirror,glanced,girl,mirror,Sentence,1,ModControl,kategirlmirror_nopauses.mp3,kategirlmirrormodleft.png,kategirlmirrorinstright.png,kategirlmirrorinstright.png,kategirlmirrormodleft.png,2,inst,mod,L,R,399,2421,0.523090468,https://github.com/kelly-marshall/DriftDiffusionAdaptation/blob/main/Pictures/modbias_list1_pre/kategirlmirrorinstright.png?raw=true,https://github.com/kelly-marshall/DriftDiffusionAdaptation/blob/main/Pictures/modbias_list1_pre/kategirlmirrormodleft.png?raw=true,https://github.com/kelly-marshall/DriftDiffusionAdaptation/blob/main/AudioFiles/modbias_list1_pre/kategirlmirror_nopauses.mp3?raw=true
35,Pre,38,Kate chose the cow with the pen,chose,cow,pen,Sentence,1,ModControl,katecowpen_nopauses.mp3,katecowpenmodright.png,katecowpeninstleft.png,katecowpenmodright.png,katecowpeninstleft.png,1,mod,inst,R,L,329,2292,0.532040122,https://github.com/kelly-marshall/DriftDiffusionAdaptation/blob/main/Pictures/modbias_list1_pre/katecowpenmodright.png?raw=true,https://github.com/kelly-marshall/DriftDiffusionAdaptation/blob/main/Pictures/modbias_list1_pre/katecowpeninstleft.png?raw=true,https://github.com/kelly-marshall/DriftDiffusionAdaptation/blob/main/AudioFiles/modbias_list1_pre/katecowpen_nopauses.mp3?raw=true
36,Pre,67,Tom inspected the pig with the microscope,inspected,pig,microscope,Sentence,1,ModControl,tompigmicroscope_nopauses.mp3,tompigmicroscopemodleft.png,tompigmicroscopeinstright.png,tompigmicroscopeinstright.png,tompigmicroscopemodleft.png,2,inst,mod,L,R,524,3065,0.544371925,https://github.com/kelly-marshall/DriftDiffusionAdaptation/blob/main/Pictures/modbias_list1_pre/tompigmicroscopeinstright.png?raw=true,https://github.com/kelly-marshall/DriftDiffusionAdaptation/blob/main/Pictures/modbias_list1_pre/tompigmicroscopemodleft.png?raw=true,https://github.com/kelly-marshall/DriftDiffusionAdaptation/blob/main/AudioFiles/modbias_list1_pre/tompigmicroscope_nopauses.mp3?raw=true
37,Pre,40,Kate chose the lion with the pen,chose,lion,pen,Sentence,1,ModControl,katelionpen_nopauses.mp3,katelionpenmodright.png,katelionpeninstleft.png,katelionpenmodright.png,katelionpeninstleft.png,1,mod,inst,R,L,376,2137,0.5472725,https://github.com/kelly-marshall/DriftDiffusionAdaptation/blob/main/Pictures/modbias_list1_pre/katelionpenmodright.png?raw=true,https://github.com/kelly-marshall/DriftDiffusionAdaptation/blob/main/Pictures/modbias_list1_pre/katelionpeninstleft.png?raw=true,https://github.com/kelly-marshall/DriftDiffusionAdaptation/blob/main/AudioFiles/modbias_list1_pre/katelionpen_nopauses.mp3?raw=true
38,Pre,4,Kate located the lion with the magnifying glass,located,lion,magnifyingglass,Sentence,1,ModControl,katelionmagnifyingglass_nopauses.mp3,katelionmagnifyingglassmodleft.png,katelionmagnifyingglassinstright.png,katelionmagnifyingglassinstright.png,katelionmagnifyingglassmodleft.png,2,inst,mod,L,R,496,3611,0.554793744,https://github.com/kelly-marshall/DriftDiffusionAdaptation/blob/main/Pictures/modbias_list1_pre/katelionmagnifyingglassinstright.png?raw=true,https://github.com/kelly-marshall/DriftDiffusionAdaptation/blob/main/Pictures/modbias_list1_pre/katelionmagnifyingglassmodleft.png?raw=true,https://github.com/kelly-marshall/DriftDiffusionAdaptation/blob/main/AudioFiles/modbias_list1_pre/katelionmagnifyingglass_nopauses.mp3?raw=true
39,Pre,2,Kate located the cow with the magnifying glass,located,cow,magnifyingglass,Sentence,1,ModControl,katecowmagnifyingglass_nopauses.mp3,katecowmagnifyingglassmodleft.png,katecowmagnifyingglassinstright.png,katecowmagnifyingglassinstright.png,katecowmagnifyingglassmodleft.png,2,inst,mod,L,R,348,3388,0.555465687,https://github.com/kelly-marshall/DriftDiffusionAdaptation/blob/main/Pictures/modbias_list1_pre/katecowmagnifyingglassinstright.png?raw=true,https://github.com/kelly-marshall/DriftDiffusionAdaptation/blob/main/Pictures/modbias_list1_pre/katecowmagnifyingglassmodleft.png?raw=true,https://github.com/kelly-marshall/DriftDiffusionAdaptation/blob/main/AudioFiles/modbias_list1_pre/katecowmagnifyingglass_nopauses.mp3?raw=true
40,Pre,46,Kate chose the gorilla with the baseball bat,chose,gorilla,baseball bat,Sentence,1,ModControl,kategorillabaseballbat_nopauses.mp3,kategorillabaseballbatmodright.png,kategorillabaseballbatinstleft.png,kategorillabaseballbatmodright.png,kategorillabaseballbatinstleft.png,1,mod,inst,R,L,378,2672,0.580091914,https://github.com/kelly-marshall/DriftDiffusionAdaptation/blob/main/Pictures/modbias_list1_pre/kategorillabaseballbatmodright.png?raw=true,https://github.com/kelly-marshall/DriftDiffusionAdaptation/blob/main/Pictures/modbias_list1_pre/kategorillabaseballbatinstleft.png?raw=true,https://github.com/kelly-marshall/DriftDiffusionAdaptation/blob/main/AudioFiles/modbias_list1_pre/kategorillabaseballbat_nopauses.mp3?raw=true
41,Pre,61,Tom inspected the dolphin with the telescope,inspected,dolphin,telescope,Sentence,1,ModControl,tomdolphintelescope_nopauses.mp3,tomdolphintelescopemodleft.png,tomdolphintelescopeinstright.png,tomdolphintelescopeinstright.png,tomdolphintelescopemodleft.png,2,inst,mod,L,R,518,3190,0.584226755,https://github.com/kelly-marshall/DriftDiffusionAdaptation/blob/main/Pictures/modbias_list1_pre/tomdolphintelescopeinstright.png?raw=true,https://github.com/kelly-marshall/DriftDiffusionAdaptation/blob/main/Pictures/modbias_list1_pre/tomdolphintelescopemodleft.png?raw=true,https://github.com/kelly-marshall/DriftDiffusionAdaptation/blob/main/AudioFiles/modbias_list1_pre/tomdolphintelescope_nopauses.mp3?raw=true
42,Pre,54,Kate glanced at the turtle with the glass,glanced,turtle,glass,Sentence,1,ModControl,kateturtleglass_nopauses.mp3,kateturtleglassmodleft.png,kateturtleglassinstright.png,kateturtleglassinstright.png,kateturtleglassmodleft.png,2,inst,mod,L,R,344,2882,0.589749865,https://github.com/kelly-marshall/DriftDiffusionAdaptation/blob/main/Pictures/modbias_list1_pre/kateturtleglassinstright.png?raw=true,https://github.com/kelly-marshall/DriftDiffusionAdaptation/blob/main/Pictures/modbias_list1_pre/kateturtleglassmodleft.png?raw=true,https://github.com/kelly-marshall/DriftDiffusionAdaptation/blob/main/AudioFiles/modbias_list1_pre/kateturtleglass_nopauses.mp3?raw=true
43,Pre,57,Tom glanced at the whale with the mirror,glanced,whale,mirror,Sentence,1,ModControl,tomwhalemirror_nopauses.mp3,tomwhalemirrormodright.png,tomwhalemirrorinstleft.png,tomwhalemirrormodright.png,tomwhalemirrorinstleft.png,1,mod,inst,R,L,424,2568,0.597495012,https://github.com/kelly-marshall/DriftDiffusionAdaptation/blob/main/Pictures/modbias_list1_pre/tomwhalemirrormodright.png?raw=true,https://github.com/kelly-marshall/DriftDiffusionAdaptation/blob/main/Pictures/modbias_list1_pre/tomwhalemirrorinstleft.png?raw=true,https://github.com/kelly-marshall/DriftDiffusionAdaptation/blob/main/AudioFiles/modbias_list1_pre/tomwhalemirror_nopauses.mp3?raw=true
44,Pre,25,Tom moved the dolphin with the tree branch,moved,dolphin,treebranch,Sentence,1,ModControl,tomdolphintreebranch_nopauses.mp3,tomdolphintreebranchmodright.png,tomdolphintreebranchinstleft.png,tomdolphintreebranchmodright.png,tomdolphintreebranchinstleft.png,1,mod,inst,R,L,492,2659,0.614059506,https://github.com/kelly-marshall/DriftDiffusionAdaptation/blob/main/Pictures/modbias_list1_pre/tomdolphintreebranchmodright.png?raw=true,https://github.com/kelly-marshall/DriftDiffusionAdaptation/blob/main/Pictures/modbias_list1_pre/tomdolphintreebranchinstleft.png?raw=true,https://github.com/kelly-marshall/DriftDiffusionAdaptation/blob/main/AudioFiles/modbias_list1_pre/tomdolphintreebranch_nopauses.mp3?raw=true
45,Pre,62,Kate inspected the cow with the telescope,inspected,cow,telescope,Sentence,1,ModControl,katecowtelescope_nopauses.mp3,katecowtelescopemodright.png,katecowtelescopeinstleft.png,katecowtelescopemodright.png,katecowtelescopeinstleft.png,1,mod,inst,R,L,387,2839,0.615586728,https://github.com/kelly-marshall/DriftDiffusionAdaptation/blob/main/Pictures/modbias_list1_pre/katecowtelescopemodright.png?raw=true,https://github.com/kelly-marshall/DriftDiffusionAdaptation/blob/main/Pictures/modbias_list1_pre/katecowtelescopeinstleft.png?raw=true,https://github.com/kelly-marshall/DriftDiffusionAdaptation/blob/main/AudioFiles/modbias_list1_pre/katecowtelescope_nopauses.mp3?raw=true
46,Pre,14,Kate felt the cow with the brush,felt,cow,brush,Sentence,1,ModControl,katecowbrush_nopauses.mp3,katecowbrushmodright.png,katecowbrushinstleft.png,katecowbrushmodright.png,katecowbrushinstleft.png,1,mod,inst,R,L,351,2073,0.619934404,https://github.com/kelly-marshall/DriftDiffusionAdaptation/blob/main/Pictures/modbias_list1_pre/katecowbrushmodright.png?raw=true,https://github.com/kelly-marshall/DriftDiffusionAdaptation/blob/main/Pictures/modbias_list1_pre/katecowbrushinstleft.png?raw=true,https://github.com/kelly-marshall/DriftDiffusionAdaptation/blob/main/AudioFiles/modbias_list1_pre/katecowbrush_nopauses.mp3?raw=true
47,Pre,26,Kate moved the cow with the tree branch,moved,cow,treebranch,Sentence,1,ModControl,katecowtreebranch_nopauses.mp3,katecowtreebranchmodleft.png,katecowtreebranchinstright.png,katecowtreebranchinstright.png,katecowtreebranchmodleft.png,2,inst,mod,L,R,386,2575,0.664351276,https://github.com/kelly-marshall/DriftDiffusionAdaptation/blob/main/Pictures/modbias_list1_pre/katecowtreebranchinstright.png?raw=true,https://github.com/kelly-marshall/DriftDiffusionAdaptation/blob/main/Pictures/modbias_list1_pre/katecowtreebranchmodleft.png?raw=true,https://github.com/kelly-marshall/DriftDiffusionAdaptation/blob/main/AudioFiles/modbias_list1_pre/katecowtreebranch_nopauses.mp3?raw=true
48,Pre,34,Kate moved the gorilla with the pitchfork,moved,gorilla,pitchfork,Sentence,1,ModControl,kategorillapitchfork_nopauses.mp3,kategorillapitchforkmodleft.png,kategorillapitchforkinstright.png,kategorillapitchforkinstright.png,kategorillapitchforkmodleft.png,2,inst,mod,L,R,369,2732,0.724289345,https://github.com/kelly-marshall/DriftDiffusionAdaptation/blob/main/Pictures/modbias_list1_pre/kategorillapitchforkinstright.png?raw=true,https://github.com/kelly-marshall/DriftDiffusionAdaptation/blob/main/Pictures/modbias_list1_pre/kategorillapitchforkmodleft.png?raw=true,https://github.com/kelly-marshall/DriftDiffusionAdaptation/blob/main/AudioFiles/modbias_list1_pre/kategorillapitchfork_nopauses.mp3?raw=true
49,Pre,55,Tom glanced at the pig with the mirror,glanced,pig,mirror,Sentence,1,ModControl,tompigmirror_nopauses.mp3,tompigmirrormodright.png,tompigmirrorinstleft.png,tompigmirrormodright.png,tompigmirrorinstleft.png,1,mod,inst,R,L,594,2527,0.735437528,https://github.com/kelly-marshall/DriftDiffusionAdaptation/blob/main/Pictures/modbias_list1_pre/tompigmirrormodright.png?raw=true,https://github.com/kelly-marshall/DriftDiffusionAdaptation/blob/main/Pictures/modbias_list1_pre/tompigmirrorinstleft.png?raw=true,https://github.com/kelly-marshall/DriftDiffusionAdaptation/blob/main/AudioFiles/modbias_list1_pre/tompigmirror_nopauses.mp3?raw=true
50,Pre,36,Kate moved the hawk with the pitchfork,moved,hawk,pitchfork,Sentence,1,ModControl,katehawkpitchfork_nopauses.mp3,katehawkpitchforkmodleft.png,katehawkpitchforkinstright.png,katehawkpitchforkinstright.png,katehawkpitchforkmodleft.png,2,inst,mod,L,R,391,2563,0.770103978,https://github.com/kelly-marshall/DriftDiffusionAdaptation/blob/main/Pictures/modbias_list1_pre/katehawkpitchforkinstright.png?raw=true,https://github.com/kelly-marshall/DriftDiffusionAdaptation/blob/main/Pictures/modbias_list1_pre/katehawkpitchforkmodleft.png?raw=true,https://github.com/kelly-marshall/DriftDiffusionAdaptation/blob/main/AudioFiles/modbias_list1_pre/katehawkpitchfork_nopauses.mp3?raw=true
51,Pre,50,Kate glanced at the cow with the glass,glanced,cow,glass,Sentence,1,ModControl,katecowglass_nopauses.mp3,katecowglassmodleft.png,katecowglassinstright.png,katecowglassinstright.png,katecowglassmodleft.png,2,inst,mod,L,R,351,2925,0.781577096,https://github.com/kelly-marshall/DriftDiffusionAdaptation/blob/main/Pictures/modbias_list1_pre/katecowglassinstright.png?raw=true,https://github.com/kelly-marshall/DriftDiffusionAdaptation/blob/main/Pictures/modbias_list1_pre/katecowglassmodleft.png?raw=true,https://github.com/kelly-marshall/DriftDiffusionAdaptation/blob/main/AudioFiles/modbias_list1_pre/katecowglass_nopauses.mp3?raw=true
52,Pre,65,Tom inspected the frog with the telescope,inspected,frog,telescope,Sentence,1,ModControl,tomfrogtelescope_nopauses.mp3,tomfrogtelescopemodleft.png,tomfrogtelescopeinstright.png,tomfrogtelescopeinstright.png,tomfrogtelescopemodleft.png,2,inst,mod,L,R,471,2921,0.807528118,https://github.com/kelly-marshall/DriftDiffusionAdaptation/blob/main/Pictures/modbias_list1_pre/tomfrogtelescopeinstright.png?raw=true,https://github.com/kelly-marshall/DriftDiffusionAdaptation/blob/main/Pictures/modbias_list1_pre/tomfrogtelescopemodleft.png?raw=true,https://github.com/kelly-marshall/DriftDiffusionAdaptation/blob/main/AudioFiles/modbias_list1_pre/tomfrogtelescope_nopauses.mp3?raw=true
53,Pre,70,Kate inspected the gorilla with the microscope,inspected,gorilla,microscope,Sentence,1,ModControl,kategorillamicroscope_nopauses.mp3,kategorillamicroscopemodright.png,kategorillamicroscopeinstleft.png,kategorillamicroscopemodright.png,kategorillamicroscopeinstleft.png,1,mod,inst,R,L,373,3067,0.81032597,https://github.com/kelly-marshall/DriftDiffusionAdaptation/blob/main/Pictures/modbias_list1_pre/kategorillamicroscopemodright.png?raw=true,https://github.com/kelly-marshall/DriftDiffusionAdaptation/blob/main/Pictures/modbias_list1_pre/kategorillamicroscopeinstleft.png?raw=true,https://github.com/kelly-marshall/DriftDiffusionAdaptation/blob/main/AudioFiles/modbias_list1_pre/kategorillamicroscope_nopauses.mp3?raw=true
54,Pre,17,Tom felt the frog with the brush,felt,frog,brush,Sentence,1,ModControl,tomfrogbrush_nopauses.mp3,tomfrogbrushmodleft.png,tomfrogbrushinstright.png,tomfrogbrushinstright.png,tomfrogbrushmodleft.png,2,inst,mod,L,R,427,2309,0.826901301,https://github.com/kelly-marshall/DriftDiffusionAdaptation/blob/main/Pictures/modbias_list1_pre/tomfrogbrushinstright.png?raw=true,https://github.com/kelly-marshall/DriftDiffusionAdaptation/blob/main/Pictures/modbias_list1_pre/tomfrogbrushmodleft.png?raw=true,https://github.com/kelly-marshall/DriftDiffusionAdaptation/blob/main/AudioFiles/modbias_list1_pre/tomfrogbrush_nopauses.mp3?raw=true
55,Pre,30,Kate moved the turtle with the tree branch,moved,turtle,treebranch,Sentence,1,ModControl,kateturtletreebranch_nopauses.mp3,kateturtletreebranchmodleft.png,kateturtletreebranchinstright.png,kateturtletreebranchinstright.png,kateturtletreebranchmodleft.png,2,inst,mod,L,R,405,2765,0.82946676,https://github.com/kelly-marshall/DriftDiffusionAdaptation/blob/main/Pictures/modbias_list1_pre/kateturtletreebranchinstright.png?raw=true,https://github.com/kelly-marshall/DriftDiffusionAdaptation/blob/main/Pictures/modbias_list1_pre/kateturtletreebranchmodleft.png?raw=true,https://github.com/kelly-marshall/DriftDiffusionAdaptation/blob/main/AudioFiles/modbias_list1_pre/kateturtletreebranch_nopauses.mp3?raw=true
56,Pre,28,Kate moved the lion with the tree branch,moved,lion,treebranch,Sentence,1,ModControl,kateliontreebranch_nopauses.mp3,kateliontreebranchmodleft.png,kateliontreebranchinstright.png,kateliontreebranchinstright.png,kateliontreebranchmodleft.png,2,inst,mod,L,R,372,2780,0.840923874,https://github.com/kelly-marshall/DriftDiffusionAdaptation/blob/main/Pictures/modbias_list1_pre/kateliontreebranchinstright.png?raw=true,https://github.com/kelly-marshall/DriftDiffusionAdaptation/blob/main/Pictures/modbias_list1_pre/kateliontreebranchmodleft.png?raw=true,https://github.com/kelly-marshall/DriftDiffusionAdaptation/blob/main/AudioFiles/modbias_list1_pre/kateliontreebranch_nopauses.mp3?raw=true
57,Pre,58,Kate glanced at the gorilla with the mirror,glanced,gorilla,mirror,Sentence,1,ModControl,kategorillamirror_nopauses.mp3,kategorillamirrormodleft.png,kategorillamirrorinstright.png,kategorillamirrorinstright.png,kategorillamirrormodleft.png,2,inst,mod,L,R,401,2763,0.845036369,https://github.com/kelly-marshall/DriftDiffusionAdaptation/blob/main/Pictures/modbias_list1_pre/kategorillamirrorinstright.png?raw=true,https://github.com/kelly-marshall/DriftDiffusionAdaptation/blob/main/Pictures/modbias_list1_pre/kategorillamirrormodleft.png?raw=true,https://github.com/kelly-marshall/DriftDiffusionAdaptation/blob/main/AudioFiles/modbias_list1_pre/kategorillamirror_nopauses.mp3?raw=true
58,Pre,64,Kate inspected the lion with the telescope,inspected,lion,telescope,Sentence,1,ModControl,kateliontelescope_nopauses.mp3,kateliontelescopemodright.png,kateliontelescopeinstleft.png,kateliontelescopemodright.png,kateliontelescopeinstleft.png,1,mod,inst,R,L,355,2889,0.863261485,https://github.com/kelly-marshall/DriftDiffusionAdaptation/blob/main/Pictures/modbias_list1_pre/kateliontelescopemodright.png?raw=true,https://github.com/kelly-marshall/DriftDiffusionAdaptation/blob/main/Pictures/modbias_list1_pre/kateliontelescopeinstleft.png?raw=true,https://github.com/kelly-marshall/DriftDiffusionAdaptation/blob/main/AudioFiles/modbias_list1_pre/kateliontelescope_nopauses.mp3?raw=true
59,Pre,68,Kate inspected the girl with the microscope,inspected,girl,microscope,Sentence,1,ModControl,kategirlmicroscope_nopauses.mp3,kategirlmicroscopemodright.png,kategirlmicroscopeinstleft.png,kategirlmicroscopemodright.png,kategirlmicroscopeinstleft.png,1,mod,inst,R,L,345,2907,0.875118261,https://github.com/kelly-marshall/DriftDiffusionAdaptation/blob/main/Pictures/modbias_list1_pre/kategirlmicroscopemodright.png?raw=true,https://github.com/kelly-marshall/DriftDiffusionAdaptation/blob/main/Pictures/modbias_list1_pre/kategirlmicroscopeinstleft.png?raw=true,https://github.com/kelly-marshall/DriftDiffusionAdaptation/blob/main/AudioFiles/modbias_list1_pre/kategirlmicroscope_nopauses.mp3?raw=true
60,Pre,32,Kate moved the girl with the pitchfork,moved,girl,pitchfork,Sentence,1,ModControl,kategirlpitchfork_nopauses.mp3,kategirlpitchforkmodleft.png,kategirlpitchforkinstright.png,kategirlpitchforkinstright.png,kategirlpitchforkmodleft.png,2,inst,mod,L,R,382,2498,0.884268257,https://github.com/kelly-marshall/DriftDiffusionAdaptation/blob/main/Pictures/modbias_list1_pre/kategirlpitchforkinstright.png?raw=true,https://github.com/kelly-marshall/DriftDiffusionAdaptation/blob/main/Pictures/modbias_list1_pre/kategirlpitchforkmodleft.png?raw=true,https://github.com/kelly-marshall/DriftDiffusionAdaptation/blob/main/AudioFiles/modbias_list1_pre/kategirlpitchfork_nopauses.mp3?raw=true
61,Pre,1,Tom located the dolphin with the magnifying glass,located,dolphin,magnifyingglass,Sentence,1,ModControl,tomdolphinmagnifyingglass_nopauses.mp3,tomdolphinmagnifyingglassmodright.png,tomdolphinmagnifyingglassinstleft.png,tomdolphinmagnifyingglassmodright.png,tomdolphinmagnifyingglassinstleft.png,1,mod,inst,R,L,433,3601,0.890392095,https://github.com/kelly-marshall/DriftDiffusionAdaptation/blob/main/Pictures/modbias_list1_pre/tomdolphinmagnifyingglassmodright.png?raw=true,https://github.com/kelly-marshall/DriftDiffusionAdaptation/blob/main/Pictures/modbias_list1_pre/tomdolphinmagnifyingglassinstleft.png?raw=true,https://github.com/kelly-marshall/DriftDiffusionAdaptation/blob/main/AudioFiles/modbias_list1_pre/tomdolphinmagnifyingglass_nopauses.mp3?raw=true
62,Pre,69,Tom inspected the whale with the microscope,inspected,whale,microscope,Sentence,1,ModControl,tomwhalemicroscope_nopauses.mp3,tomwhalemicroscopemodleft.png,tomwhalemicroscopeinstright.png,tomwhalemicroscopeinstright.png,tomwhalemicroscopemodleft.png,2,inst,mod,L,R,481,3193,0.892857665,https://github.com/kelly-marshall/DriftDiffusionAdaptation/blob/main/Pictures/modbias_list1_pre/tomwhalemicroscopeinstright.png?raw=true,https://github.com/kelly-marshall/DriftDiffusionAdaptation/blob/main/Pictures/modbias_list1_pre/tomwhalemicroscopemodleft.png?raw=true,https://github.com/kelly-marshall/DriftDiffusionAdaptation/blob/main/AudioFiles/modbias_list1_pre/tomwhalemicroscope_nopauses.mp3?raw=true
63,Pre,59,Tom glanced at the buffalo with the mirror,glanced,buffalo,mirror,Sentence,1,ModControl,tombuffalomirror_nopauses.mp3,tombuffalomirrormodright.png,tombuffalomirrorinstleft.png,tombuffalomirrormodright.png,tombuffalomirrorinstleft.png,1,mod,inst,R,L,500,2831,0.90523809,https://github.com/kelly-marshall/DriftDiffusionAdaptation/blob/main/Pictures/modbias_list1_pre/tombuffalomirrormodright.png?raw=true,https://github.com/kelly-marshall/DriftDiffusionAdaptation/blob/main/Pictures/modbias_list1_pre/tombuffalomirrorinstleft.png?raw=true,https://github.com/kelly-marshall/DriftDiffusionAdaptation/blob/main/AudioFiles/modbias_list1_pre/tombuffalomirror_nopauses.mp3?raw=true
64,Pre,15,Tom felt the fox with the brush,felt,fox,brush,Sentence,1,ModControl,tomfoxbrush_nopauses.mp3,tomfoxbrushmodleft.png,tomfoxbrushinstright.png,tomfoxbrushinstright.png,tomfoxbrushmodleft.png,2,inst,mod,L,R,494,2478,0.919742781,https://github.com/kelly-marshall/DriftDiffusionAdaptation/blob/main/Pictures/modbias_list1_pre/tomfoxbrushinstright.png?raw=true,https://github.com/kelly-marshall/DriftDiffusionAdaptation/blob/main/Pictures/modbias_list1_pre/tomfoxbrushmodleft.png?raw=true,https://github.com/kelly-marshall/DriftDiffusionAdaptation/blob/main/AudioFiles/modbias_list1_pre/tomfoxbrush_nopauses.mp3?raw=true
65,Pre,33,Tom moved the whale with the pitchfork,moved,whale,pitchfork,Sentence,1,ModControl,tomwhalepitchfork_nopauses.mp3,tomwhalepitchforkmodright.png,tomwhalepitchforkinstleft.png,tomwhalepitchforkmodright.png,tomwhalepitchforkinstleft.png,1,mod,inst,R,L,423,2700,0.92419617,https://github.com/kelly-marshall/DriftDiffusionAdaptation/blob/main/Pictures/modbias_list1_pre/tomwhalepitchforkmodright.png?raw=true,https://github.com/kelly-marshall/DriftDiffusionAdaptation/blob/main/Pictures/modbias_list1_pre/tomwhalepitchforkinstleft.png?raw=true,https://github.com/kelly-marshall/DriftDiffusionAdaptation/blob/main/AudioFiles/modbias_list1_pre/tomwhalepitchfork_nopauses.mp3?raw=true
66,Pre,53,Tom glanced at the frog with the glass,glanced,frog,glass,Sentence,1,ModControl,tomfrogglass_nopauses.mp3,tomfrogglassmodright.png,tomfrogglassinstleft.png,tomfrogglassmodright.png,tomfrogglassinstleft.png,1,mod,inst,R,L,527,2577,0.95353379,https://github.com/kelly-marshall/DriftDiffusionAdaptation/blob/main/Pictures/modbias_list1_pre/tomfrogglassmodright.png?raw=true,https://github.com/kelly-marshall/DriftDiffusionAdaptation/blob/main/Pictures/modbias_list1_pre/tomfrogglassinstleft.png?raw=true,https://github.com/kelly-marshall/DriftDiffusionAdaptation/blob/main/AudioFiles/modbias_list1_pre/tomfrogglass_nopauses.mp3?raw=true
67,Pre,9,Tom located the whale with the glasses,located,whale,glasses,Sentence,1,ModControl,tomwhaleglasses_nopauses.mp3,tomwhaleglassesmodright.png,tomwhaleglassesinstleft.png,tomwhaleglassesmodright.png,tomwhaleglassesinstleft.png,1,mod,inst,R,L,444,2827,0.955166997,https://github.com/kelly-marshall/DriftDiffusionAdaptation/blob/main/Pictures/modbias_list1_pre/tomwhaleglassesmodright.png?raw=true,https://github.com/kelly-marshall/DriftDiffusionAdaptation/blob/main/Pictures/modbias_list1_pre/tomwhaleglassesinstleft.png?raw=true,https://github.com/kelly-marshall/DriftDiffusionAdaptation/blob/main/AudioFiles/modbias_list1_pre/tomwhaleglasses_nopauses.mp3?raw=true
68,Pre,23,Tom felt the buffalo with the cloth,felt,buffalo,cloth,Sentence,1,ModControl,tombuffalocloth_nopauses.mp3,tombuffaloclothmodleft.png,tombuffaloclothinstright.png,tombuffaloclothinstright.png,tombuffaloclothmodleft.png,2,inst,mod,L,R,563,2484,0.955904888,https://github.com/kelly-marshall/DriftDiffusionAdaptation/blob/main/Pictures/modbias_list1_pre/tombuffaloclothinstright.png?raw=true,https://github.com/kelly-marshall/DriftDiffusionAdaptation/blob/main/Pictures/modbias_list1_pre/tombuffaloclothmodleft.png?raw=true,https://github.com/kelly-marshall/DriftDiffusionAdaptation/blob/main/AudioFiles/modbias_list1_pre/tombuffalocloth_nopauses.mp3?raw=true
69,Pre,52,Kate glanced at the lion with the glass,glanced,lion,glass,Sentence,1,ModControl,katelionglass_nopauses.mp3,katelionglassmodleft.png,katelionglassinstright.png,katelionglassinstright.png,katelionglassmodleft.png,2,inst,mod,L,R,363,2483,0.982987264,https://github.com/kelly-marshall/DriftDiffusionAdaptation/blob/main/Pictures/modbias_list1_pre/katelionglassinstright.png?raw=true,https://github.com/kelly-marshall/DriftDiffusionAdaptation/blob/main/Pictures/modbias_list1_pre/katelionglassmodleft.png?raw=true,https://github.com/kelly-marshall/DriftDiffusionAdaptation/blob/main/AudioFiles/modbias_list1_pre/katelionglass_nopauses.mp3?raw=true
70,Pre,41,Tom chose the frog with the pen,chose,frog,pen,Sentence,1,ModControl,tomfrogpen_nopauses.mp3,tomfrogpenmodleft.png,tomfrogpeninstright.png,tomfrogpeninstright.png,tomfrogpenmodleft.png,2,inst,mod,L,R,531,2325,0.984232353,https://github.com/kelly-marshall/DriftDiffusionAdaptation/blob/main/Pictures/modbias_list1_pre/tomfrogpeninstright.png?raw=true,https://github.com/kelly-marshall/DriftDiffusionAdaptation/blob/main/Pictures/modbias_list1_pre/tomfrogpenmodleft.png?raw=true,https://github.com/kelly-marshall/DriftDiffusionAdaptation/blob/main/AudioFiles/modbias_list1_pre/tomfrogpen_nopauses.mp3?raw=true
71,Pre,37,Tom chose the dolphin with the pen,chose,dolphin,pen,Sentence,1,ModControl,tomdolphinpen_nopauses.mp3,tomdolphinpenmodleft.png,tomdolphinpeninstright.png,tomdolphinpeninstright.png,tomdolphinpenmodleft.png,2,inst,mod,L,R,556,2516,0.986878804,https://github.com/kelly-marshall/DriftDiffusionAdaptation/blob/main/Pictures/modbias_list1_pre/tomdolphinpeninstright.png?raw=true,https://github.com/kelly-marshall/DriftDiffusionAdaptation/blob/main/Pictures/modbias_list1_pre/tomdolphinpenmodleft.png?raw=true,https://github.com/kelly-marshall/DriftDiffusionAdaptation/blob/main/AudioFiles/modbias_list1_pre/tomdolphinpen_nopauses.mp3?raw=true
72,Pre,12,Kate located the hawk with the glasses,located,hawk,glasses,Sentence,1,ModControl,katehawkglasses_nopauses.mp3,katehawkglassesmodleft.png,katehawkglassesinstright.png,katehawkglassesinstright.png,katehawkglassesmodleft.png,2,inst,mod,L,R,455,2657,0.992207083,https://github.com/kelly-marshall/DriftDiffusionAdaptation/blob/main/Pictures/modbias_list1_pre/katehawkglassesinstright.png?raw=true,https://github.com/kelly-marshall/DriftDiffusionAdaptation/blob/main/Pictures/modbias_list1_pre/katehawkglassesmodleft.png?raw=true,https://github.com/kelly-marshall/DriftDiffusionAdaptation/blob/main/AudioFiles/modbias_list1_pre/katehawkglasses_nopauses.mp3?raw=true