group,TrialOrder,Block,Trial,Sentence,Verb,Noun1,Noun2,Type,List,Bias,AudioFile,CongruentPic,IncongruentPic,image1,image2,targetlocation,image1type,image2type,moddirection,instdirection,VerbTime,audiodur,Rand,GitLink_image1,GitLink_image2,GitLink_AudioFile
A,1,Post,45,Kate chose the whale with the pen,chose,whale,pen,Sentence,1,Mod,katewhalepen_nopauses.mp3,katewhalepenmodright.png,katewhalepeninstleft.png,katewhalepenmodright.png,katewhalepeninstleft.png,1,mod,inst,R,L,405,2447,0.006840887,https://github.com/kelly-marshall/DriftDiffusionAdaptation/blob/main/Pictures/modbias_list1_post/katewhalepenmodright.png?raw=true,https://github.com/kelly-marshall/DriftDiffusionAdaptation/blob/main/Pictures/modbias_list1_post/katewhalepeninstleft.png?raw=true,https://github.com/kelly-marshall/DriftDiffusionAdaptation/blob/main/AudioFiles/modbias_list1_post/katewhalepen_nopauses.mp3?raw=true
A,2,Post,27,Kate moved the fox with the pitchfork,moved,fox,pitchfork,Sentence,1,Mod,katefoxpitchfork_nopauses.mp3,katefoxpitchforkmodleft.png,katefoxpitchforkinstright.png,katefoxpitchforkinstright.png,katefoxpitchforkmodleft.png,2,inst,mod,L,R,434,2755,0.020972451,https://github.com/kelly-marshall/DriftDiffusionAdaptation/blob/main/Pictures/modbias_list1_post/katefoxpitchforkinstright.png?raw=true,https://github.com/kelly-marshall/DriftDiffusionAdaptation/blob/main/Pictures/modbias_list1_post/katefoxpitchforkmodleft.png?raw=true,https://github.com/kelly-marshall/DriftDiffusionAdaptation/blob/main/AudioFiles/modbias_list1_post/katefoxpitchfork_nopauses.mp3?raw=true
A,3,Post,49,Kate glanced at the dolphin with the mirror,glanced,dolphin,mirror,Sentence,1,Mod,katedolphinmirror_nopauses.mp3,katedolphinmirrormodleft.png,katedolphinmirrorinstright.png,katedolphinmirrorinstright.png,katedolphinmirrormodleft.png,2,inst,mod,L,R,392,2843,0.023958778,https://github.com/kelly-marshall/DriftDiffusionAdaptation/blob/main/Pictures/modbias_list1_post/katedolphinmirrorinstright.png?raw=true,https://github.com/kelly-marshall/DriftDiffusionAdaptation/blob/main/Pictures/modbias_list1_post/katedolphinmirrormodleft.png?raw=true,https://github.com/kelly-marshall/DriftDiffusionAdaptation/blob/main/AudioFiles/modbias_list1_post/katedolphinmirror_nopauses.mp3?raw=true
A,4,Post,21,Kate felt the whale with the brush,felt,whale,brush,Sentence,1,Mod,katewhalebrush_nopauses.mp3,katewhalebrushmodright.png,katewhalebrushinstleft.png,katewhalebrushmodright.png,katewhalebrushinstleft.png,1,mod,inst,R,L,439,2385,0.036490263,https://github.com/kelly-marshall/DriftDiffusionAdaptation/blob/main/Pictures/modbias_list1_post/katewhalebrushmodright.png?raw=true,https://github.com/kelly-marshall/DriftDiffusionAdaptation/blob/main/Pictures/modbias_list1_post/katewhalebrushinstleft.png?raw=true,https://github.com/kelly-marshall/DriftDiffusionAdaptation/blob/main/AudioFiles/modbias_list1_post/katewhalebrush_nopauses.mp3?raw=true
A,5,Post,4,Tom located the lion with the glasses,located,lion,glasses,Sentence,1,Mod,tomlionglasses_nopauses.mp3,tomlionglassesmodright.png,tomlionglassesinstleft.png,tomlionglassesmodright.png,tomlionglassesinstleft.png,1,mod,inst,R,L,614,3187,0.041472731,https://github.com/kelly-marshall/DriftDiffusionAdaptation/blob/main/Pictures/modbias_list1_post/tomlionglassesmodright.png?raw=true,https://github.com/kelly-marshall/DriftDiffusionAdaptation/blob/main/Pictures/modbias_list1_post/tomlionglassesinstleft.png?raw=true,https://github.com/kelly-marshall/DriftDiffusionAdaptation/blob/main/AudioFiles/modbias_list1_post/tomlionglasses_nopauses.mp3?raw=true
A,6,Post,68,Tom inspected the girl with the telescope,inspected,girl,telescope,Sentence,1,Mod,tomgirltelescope_nopauses.mp3,tomgirltelescopemodleft.png,tomgirltelescopeinstright.png,tomgirltelescopeinstright.png,tomgirltelescopemodleft.png,2,inst,mod,L,R,542,2893,0.045471546,https://github.com/kelly-marshall/DriftDiffusionAdaptation/blob/main/Pictures/modbias_list1_post/tomgirltelescopeinstright.png?raw=true,https://github.com/kelly-marshall/DriftDiffusionAdaptation/blob/main/Pictures/modbias_list1_post/tomgirltelescopemodleft.png?raw=true,https://github.com/kelly-marshall/DriftDiffusionAdaptation/blob/main/AudioFiles/modbias_list1_post/tomgirltelescope_nopauses.mp3?raw=true
A,7,Post,31,Kate moved the pig with the tree branch,moved,pig,treebranch,Sentence,1,Mod,katepigtreebranch_nopauses.mp3,katepigtreebranchmodleft.png,katepigtreebranchinstright.png,katepigtreebranchinstright.png,katepigtreebranchmodleft.png,2,inst,mod,L,R,457,2757,0.067626595,https://github.com/kelly-marshall/DriftDiffusionAdaptation/blob/main/Pictures/modbias_list1_post/katepigtreebranchinstright.png?raw=true,https://github.com/kelly-marshall/DriftDiffusionAdaptation/blob/main/Pictures/modbias_list1_post/katepigtreebranchmodleft.png?raw=true,https://github.com/kelly-marshall/DriftDiffusionAdaptation/blob/main/AudioFiles/modbias_list1_post/katepigtreebranch_nopauses.mp3?raw=true
A,8,Post,42,Tom chose the turtle with the baseball bat,chose,turtle,baseball bat,Sentence,1,Mod,tomturtlebaseballbat_nopauses.mp3,tomturtlebaseballbatmodleft.png,tomturtlebaseballbatinstright.png,tomturtlebaseballbatinstright.png,tomturtlebaseballbatmodleft.png,2,inst,mod,L,R,591,3173,0.100543361,https://github.com/kelly-marshall/DriftDiffusionAdaptation/blob/main/Pictures/modbias_list1_post/tomturtlebaseballbatinstright.png?raw=true,https://github.com/kelly-marshall/DriftDiffusionAdaptation/blob/main/Pictures/modbias_list1_post/tomturtlebaseballbatmodleft.png?raw=true,https://github.com/kelly-marshall/DriftDiffusionAdaptation/blob/main/AudioFiles/modbias_list1_post/tomturtlebaseballbat_nopauses.mp3?raw=true
A,9,Post,65,Kate inspected the frog with the microscope,inspected,frog,microscope,Sentence,1,Mod,katefrogmicroscope_nopauses.mp3,katefrogmicroscopemodright.png,katefrogmicroscopeinstleft.png,katefrogmicroscopemodright.png,katefrogmicroscopeinstleft.png,1,mod,inst,R,L,382,3006,0.103081982,https://github.com/kelly-marshall/DriftDiffusionAdaptation/blob/main/Pictures/modbias_list1_post/katefrogmicroscopemodright.png?raw=true,https://github.com/kelly-marshall/DriftDiffusionAdaptation/blob/main/Pictures/modbias_list1_post/katefrogmicroscopeinstleft.png?raw=true,https://github.com/kelly-marshall/DriftDiffusionAdaptation/blob/main/AudioFiles/modbias_list1_post/katefrogmicroscope_nopauses.mp3?raw=true
A,10,Post,36,Tom moved the hawk with the tree branch,moved,hawk,treebranch,Sentence,1,Mod,tomhawktreebranch_nopauses.mp3,tomhawktreebranchmodright.png,tomhawktreebranchinstleft.png,tomhawktreebranchmodright.png,tomhawktreebranchinstleft.png,1,mod,inst,R,L,506,2864,0.119931782,https://github.com/kelly-marshall/DriftDiffusionAdaptation/blob/main/Pictures/modbias_list1_post/tomhawktreebranchmodright.png?raw=true,https://github.com/kelly-marshall/DriftDiffusionAdaptation/blob/main/Pictures/modbias_list1_post/tomhawktreebranchinstleft.png?raw=true,https://github.com/kelly-marshall/DriftDiffusionAdaptation/blob/main/AudioFiles/modbias_list1_post/tomhawktreebranch_nopauses.mp3?raw=true
A,11,Post,50,Tom glanced at the cow with the mirror,glanced,cow,mirror,Sentence,1,Mod,tomcowmirror_nopauses.mp3,tomcowmirrormodright.png,tomcowmirrorinstleft.png,tomcowmirrormodright.png,tomcowmirrorinstleft.png,1,mod,inst,R,L,631,2921,0.13368658,https://github.com/kelly-marshall/DriftDiffusionAdaptation/blob/main/Pictures/modbias_list1_post/tomcowmirrormodright.png?raw=true,https://github.com/kelly-marshall/DriftDiffusionAdaptation/blob/main/Pictures/modbias_list1_post/tomcowmirrorinstleft.png?raw=true,https://github.com/kelly-marshall/DriftDiffusionAdaptation/blob/main/AudioFiles/modbias_list1_post/tomcowmirror_nopauses.mp3?raw=true
A,12,Post,58,Tom glanced at the gorilla with the glass,glanced,gorilla,glass,Sentence,1,Mod,tomgorillaglass_nopauses.mp3,tomgorillaglassmodright.png,tomgorillaglassinstleft.png,tomgorillaglassmodright.png,tomgorillaglassinstleft.png,1,mod,inst,R,L,607,2920,0.146304253,https://github.com/kelly-marshall/DriftDiffusionAdaptation/blob/main/Pictures/modbias_list1_post/tomgorillaglassmodright.png?raw=true,https://github.com/kelly-marshall/DriftDiffusionAdaptation/blob/main/Pictures/modbias_list1_post/tomgorillaglassinstleft.png?raw=true,https://github.com/kelly-marshall/DriftDiffusionAdaptation/blob/main/AudioFiles/modbias_list1_post/tomgorillaglass_nopauses.mp3?raw=true
A,13,Post,29,Kate moved the frog with the pitchfork,moved,frog,pitchfork,Sentence,1,Mod,katefrogpitchfork_nopauses.mp3,katefrogpitchforkmodleft.png,katefrogpitchforkinstright.png,katefrogpitchforkinstright.png,katefrogpitchforkmodleft.png,2,inst,mod,L,R,378,2651,0.165162574,https://github.com/kelly-marshall/DriftDiffusionAdaptation/blob/main/Pictures/modbias_list1_post/katefrogpitchforkinstright.png?raw=true,https://github.com/kelly-marshall/DriftDiffusionAdaptation/blob/main/Pictures/modbias_list1_post/katefrogpitchforkmodleft.png?raw=true,https://github.com/kelly-marshall/DriftDiffusionAdaptation/blob/main/AudioFiles/modbias_list1_post/katefrogpitchfork_nopauses.mp3?raw=true
A,14,Post,60,Tom glanced at the hawk with the glass,glanced,hawk,glass,Sentence,1,Mod,tomhawkglass_nopauses.mp3,tomhawkglassmodright.png,tomhawkglassinstleft.png,tomhawkglassmodright.png,tomhawkglassinstleft.png,1,mod,inst,R,L,574,2789,0.165608487,https://github.com/kelly-marshall/DriftDiffusionAdaptation/blob/main/Pictures/modbias_list1_post/tomhawkglassmodright.png?raw=true,https://github.com/kelly-marshall/DriftDiffusionAdaptation/blob/main/Pictures/modbias_list1_post/tomhawkglassinstleft.png?raw=true,https://github.com/kelly-marshall/DriftDiffusionAdaptation/blob/main/AudioFiles/modbias_list1_post/tomhawkglass_nopauses.mp3?raw=true
A,15,Post,3,Kate located the fox with the glasses,located,fox,glasses,Sentence,1,Mod,katefoxglasses_nopauses.mp3,katefoxglassesmodleft.png,katefoxglassesinstright.png,katefoxglassesinstright.png,katefoxglassesmodleft.png,2,inst,mod,L,R,450,3017,0.225056163,https://github.com/kelly-marshall/DriftDiffusionAdaptation/blob/main/Pictures/modbias_list1_post/katefoxglassesinstright.png?raw=true,https://github.com/kelly-marshall/DriftDiffusionAdaptation/blob/main/Pictures/modbias_list1_post/katefoxglassesmodleft.png?raw=true,https://github.com/kelly-marshall/DriftDiffusionAdaptation/blob/main/AudioFiles/modbias_list1_post/katefoxglasses_nopauses.mp3?raw=true
A,16,Post,17,Kate felt the frog with the cloth,felt,frog,cloth,Sentence,1,Mod,katefrogcloth_nopauses.mp3,katefrogclothmodright.png,katefrogclothinstleft.png,katefrogclothmodright.png,katefrogclothinstleft.png,1,mod,inst,R,L,390,2212,0.242731814,https://github.com/kelly-marshall/DriftDiffusionAdaptation/blob/main/Pictures/modbias_list1_post/katefrogclothmodright.png?raw=true,https://github.com/kelly-marshall/DriftDiffusionAdaptation/blob/main/Pictures/modbias_list1_post/katefrogclothinstleft.png?raw=true,https://github.com/kelly-marshall/DriftDiffusionAdaptation/blob/main/AudioFiles/modbias_list1_post/katefrogcloth_nopauses.mp3?raw=true
A,17,Post,62,Tom inspected the cow with the microscope,inspected,cow,microscope,Sentence,1,Mod,tomcowmicroscope_nopauses.mp3,tomcowmicroscopemodleft.png,tomcowmicroscopeinstright.png,tomcowmicroscopeinstright.png,tomcowmicroscopemodleft.png,2,inst,mod,L,R,556,3183,0.24812017,https://github.com/kelly-marshall/DriftDiffusionAdaptation/blob/main/Pictures/modbias_list1_post/tomcowmicroscopeinstright.png?raw=true,https://github.com/kelly-marshall/DriftDiffusionAdaptation/blob/main/Pictures/modbias_list1_post/tomcowmicroscopemodleft.png?raw=true,https://github.com/kelly-marshall/DriftDiffusionAdaptation/blob/main/AudioFiles/modbias_list1_post/tomcowmicroscope_nopauses.mp3?raw=true
A,18,Post,23,Kate felt the buffalo with the brush,felt,buffalo,brush,Sentence,1,Mod,katebuffalobrush_nopauses.mp3,katebuffalobrushmodright.png,katebuffalobrushinstleft.png,katebuffalobrushmodright.png,katebuffalobrushinstleft.png,1,mod,inst,R,L,390,2463,0.248731307,https://github.com/kelly-marshall/DriftDiffusionAdaptation/blob/main/Pictures/modbias_list1_post/katebuffalobrushmodright.png?raw=true,https://github.com/kelly-marshall/DriftDiffusionAdaptation/blob/main/Pictures/modbias_list1_post/katebuffalobrushinstleft.png?raw=true,https://github.com/kelly-marshall/DriftDiffusionAdaptation/blob/main/AudioFiles/modbias_list1_post/katebuffalobrush_nopauses.mp3?raw=true
A,19,Post,59,Kate glanced at the buffalo with the glass,glanced,buffalo,glass,Sentence,1,Mod,katebuffaloglass_nopauses.mp3,katebuffaloglassmodleft.png,katebuffaloglassinstright.png,katebuffaloglassinstright.png,katebuffaloglassmodleft.png,2,inst,mod,L,R,415,2823,0.259507322,https://github.com/kelly-marshall/DriftDiffusionAdaptation/blob/main/Pictures/modbias_list1_post/katebuffaloglassinstright.png?raw=true,https://github.com/kelly-marshall/DriftDiffusionAdaptation/blob/main/Pictures/modbias_list1_post/katebuffaloglassmodleft.png?raw=true,https://github.com/kelly-marshall/DriftDiffusionAdaptation/blob/main/AudioFiles/modbias_list1_post/katebuffaloglass_nopauses.mp3?raw=true
A,20,Post,55,Kate glanced at the pig with the glass,glanced,pig,glass,Sentence,1,Mod,katepigglass_nopauses.mp3,katepigglassmodleft.png,katepigglassinstright.png,katepigglassinstright.png,katepigglassmodleft.png,2,inst,mod,L,R,406,2632,0.263447775,https://github.com/kelly-marshall/DriftDiffusionAdaptation/blob/main/Pictures/modbias_list1_post/katepigglassinstright.png?raw=true,https://github.com/kelly-marshall/DriftDiffusionAdaptation/blob/main/Pictures/modbias_list1_post/katepigglassmodleft.png?raw=true,https://github.com/kelly-marshall/DriftDiffusionAdaptation/blob/main/AudioFiles/modbias_list1_post/katepigglass_nopauses.mp3?raw=true
A,21,Post,8,Tom located the girl with the magnifying glass,located,girl,magnifyingglass,Sentence,1,Mod,tomgirlmagnifyingglass_nopauses.mp3,tomgirlmagnifyingglassmodright.png,tomgirlmagnifyingglassinstleft.png,tomgirlmagnifyingglassmodright.png,tomgirlmagnifyingglassinstleft.png,1,mod,inst,R,L,517,3762,0.271768877,https://github.com/kelly-marshall/DriftDiffusionAdaptation/blob/main/Pictures/modbias_list1_post/tomgirlmagnifyingglassmodright.png?raw=true,https://github.com/kelly-marshall/DriftDiffusionAdaptation/blob/main/Pictures/modbias_list1_post/tomgirlmagnifyingglassinstleft.png?raw=true,https://github.com/kelly-marshall/DriftDiffusionAdaptation/blob/main/AudioFiles/modbias_list1_post/tomgirlmagnifyingglass_nopauses.mp3?raw=true
A,22,Post,28,Tom moved the lion with the pitchfork,moved,lion,pitchfork,Sentence,1,Mod,tomlionpitchfork_nopauses.mp3,tomlionpitchforkmodright.png,tomlionpitchforkinstleft.png,tomlionpitchforkmodright.png,tomlionpitchforkinstleft.png,1,mod,inst,R,L,516,2767,0.328758679,https://github.com/kelly-marshall/DriftDiffusionAdaptation/blob/main/Pictures/modbias_list1_post/tomlionpitchforkmodright.png?raw=true,https://github.com/kelly-marshall/DriftDiffusionAdaptation/blob/main/Pictures/modbias_list1_post/tomlionpitchforkinstleft.png?raw=true,https://github.com/kelly-marshall/DriftDiffusionAdaptation/blob/main/AudioFiles/modbias_list1_post/tomlionpitchfork_nopauses.mp3?raw=true
A,23,Post,12,Tom located the hawk with the magnifying glass,located,hawk,magnifyingglass,Sentence,1,Mod,tomhawkmagnifyingglass_nopauses.mp3,tomhawkmagnifyingglassmodright.png,tomhawkmagnifyingglassinstleft.png,tomhawkmagnifyingglassmodright.png,tomhawkmagnifyingglassinstleft.png,1,mod,inst,R,L,564,3469,0.361616538,https://github.com/kelly-marshall/DriftDiffusionAdaptation/blob/main/Pictures/modbias_list1_post/tomhawkmagnifyingglassmodright.png?raw=true,https://github.com/kelly-marshall/DriftDiffusionAdaptation/blob/main/Pictures/modbias_list1_post/tomhawkmagnifyingglassinstleft.png?raw=true,https://github.com/kelly-marshall/DriftDiffusionAdaptation/blob/main/AudioFiles/modbias_list1_post/tomhawkmagnifyingglass_nopauses.mp3?raw=true
A,24,Post,6,Tom located the turtle with the glasses,located,turtle,glasses,Sentence,1,Mod,tomturtleglasses_nopauses.mp3,tomturtleglassesmodright.png,tomturtleglassesinstleft.png,tomturtleglassesmodright.png,tomturtleglassesinstleft.png,1,mod,inst,R,L,649,3064,0.39729845,https://github.com/kelly-marshall/DriftDiffusionAdaptation/blob/main/Pictures/modbias_list1_post/tomturtleglassesmodright.png?raw=true,https://github.com/kelly-marshall/DriftDiffusionAdaptation/blob/main/Pictures/modbias_list1_post/tomturtleglassesinstleft.png?raw=true,https://github.com/kelly-marshall/DriftDiffusionAdaptation/blob/main/AudioFiles/modbias_list1_post/tomturtleglasses_nopauses.mp3?raw=true
A,25,Post,34,Tom moved the gorilla with the tree branch,moved,gorilla,treebranch,Sentence,1,Mod,tomgorillatreebranch_nopauses.mp3,tomgorillatreebranchmodright.png,tomgorillatreebranchinstleft.png,tomgorillatreebranchmodright.png,tomgorillatreebranchinstleft.png,1,mod,inst,R,L,498,3058,0.401474474,https://github.com/kelly-marshall/DriftDiffusionAdaptation/blob/main/Pictures/modbias_list1_post/tomgorillatreebranchmodright.png?raw=true,https://github.com/kelly-marshall/DriftDiffusionAdaptation/blob/main/Pictures/modbias_list1_post/tomgorillatreebranchinstleft.png?raw=true,https://github.com/kelly-marshall/DriftDiffusionAdaptation/blob/main/AudioFiles/modbias_list1_post/tomgorillatreebranch_nopauses.mp3?raw=true
A,26,Post,19,Kate felt the pig with the brush,felt,pig,brush,Sentence,1,Mod,katepigbrush_nopauses.mp3,katepigbrushmodright.png,katepigbrushinstleft.png,katepigbrushmodright.png,katepigbrushinstleft.png,1,mod,inst,R,L,379,2196,0.407140487,https://github.com/kelly-marshall/DriftDiffusionAdaptation/blob/main/Pictures/modbias_list1_post/katepigbrushmodright.png?raw=true,https://github.com/kelly-marshall/DriftDiffusionAdaptation/blob/main/Pictures/modbias_list1_post/katepigbrushinstleft.png?raw=true,https://github.com/kelly-marshall/DriftDiffusionAdaptation/blob/main/AudioFiles/modbias_list1_post/katepigbrush_nopauses.mp3?raw=true
A,27,Post,66,Tom inspected the turtle with the microscope,inspected,turtle,microscope,Sentence,1,Mod,tomturtlemicroscope_nopauses.mp3,tomturtlemicroscopemodleft.png,tomturtlemicroscopeinstright.png,tomturtlemicroscopeinstright.png,tomturtlemicroscopemodleft.png,2,inst,mod,L,R,521,3091,0.415146166,https://github.com/kelly-marshall/DriftDiffusionAdaptation/blob/main/Pictures/modbias_list1_post/tomturtlemicroscopeinstright.png?raw=true,https://github.com/kelly-marshall/DriftDiffusionAdaptation/blob/main/Pictures/modbias_list1_post/tomturtlemicroscopemodleft.png?raw=true,https://github.com/kelly-marshall/DriftDiffusionAdaptation/blob/main/AudioFiles/modbias_list1_post/tomturtlemicroscope_nopauses.mp3?raw=true
A,28,Post,14,Tom felt the cow with the cloth,felt,cow,cloth,Sentence,1,Mod,tomcowcloth_nopauses.mp3,tomcowclothmodleft.png,tomcowclothinstright.png,tomcowclothinstright.png,tomcowclothmodleft.png,2,inst,mod,L,R,540,2319,0.421203389,https://github.com/kelly-marshall/DriftDiffusionAdaptation/blob/main/Pictures/modbias_list1_post/tomcowclothinstright.png?raw=true,https://github.com/kelly-marshall/DriftDiffusionAdaptation/blob/main/Pictures/modbias_list1_post/tomcowclothmodleft.png?raw=true,https://github.com/kelly-marshall/DriftDiffusionAdaptation/blob/main/AudioFiles/modbias_list1_post/tomcowcloth_nopauses.mp3?raw=true
A,29,Post,22,Tom felt the gorilla with the brush,felt,gorilla,brush,Sentence,1,Mod,tomgorillabrush_nopauses.mp3,tomgorillabrushmodleft.png,tomgorillabrushinstright.png,tomgorillabrushinstright.png,tomgorillabrushmodleft.png,2,inst,mod,L,R,602,2620,0.42477402,https://github.com/kelly-marshall/DriftDiffusionAdaptation/blob/main/Pictures/modbias_list1_post/tomgorillabrushinstright.png?raw=true,https://github.com/kelly-marshall/DriftDiffusionAdaptation/blob/main/Pictures/modbias_list1_post/tomgorillabrushmodleft.png?raw=true,https://github.com/kelly-marshall/DriftDiffusionAdaptation/blob/main/AudioFiles/modbias_list1_post/tomgorillabrush_nopauses.mp3?raw=true
A,30,Post,15,Kate felt the fox with the cloth,felt,fox,cloth,Sentence,1,Mod,katefoxcloth_nopauses.mp3,katefoxclothmodright.png,katefoxclothinstleft.png,katefoxclothmodright.png,katefoxclothinstleft.png,1,mod,inst,R,L,410,2397,0.443165097,https://github.com/kelly-marshall/DriftDiffusionAdaptation/blob/main/Pictures/modbias_list1_post/katefoxclothmodright.png?raw=true,https://github.com/kelly-marshall/DriftDiffusionAdaptation/blob/main/Pictures/modbias_list1_post/katefoxclothinstleft.png?raw=true,https://github.com/kelly-marshall/DriftDiffusionAdaptation/blob/main/AudioFiles/modbias_list1_post/katefoxcloth_nopauses.mp3?raw=true
A,31,Post,57,Kate glanced at the whale with the glass,glanced,whale,glass,Sentence,1,Mod,katewhaleglass_nopauses.mp3,katewhaleglassmodleft.png,katewhaleglassinstright.png,katewhaleglassinstright.png,katewhaleglassmodleft.png,2,inst,mod,L,R,375,2631,0.450295991,https://github.com/kelly-marshall/DriftDiffusionAdaptation/blob/main/Pictures/modbias_list1_post/katewhaleglassinstright.png?raw=true,https://github.com/kelly-marshall/DriftDiffusionAdaptation/blob/main/Pictures/modbias_list1_post/katewhaleglassmodleft.png?raw=true,https://github.com/kelly-marshall/DriftDiffusionAdaptation/blob/main/AudioFiles/modbias_list1_post/katewhaleglass_nopauses.mp3?raw=true
A,32,Post,25,Kate moved the dolphin with the pitchfork,moved,dolphin,pitchfork,Sentence,1,Mod,katedolphinpitchfork_nopauses.mp3,katedolphinpitchforkmodleft.png,katedolphinpitchforkinstright.png,katedolphinpitchforkinstright.png,katedolphinpitchforkmodleft.png,2,inst,mod,L,R,429,2694,0.495489612,https://github.com/kelly-marshall/DriftDiffusionAdaptation/blob/main/Pictures/modbias_list1_post/katedolphinpitchforkinstright.png?raw=true,https://github.com/kelly-marshall/DriftDiffusionAdaptation/blob/main/Pictures/modbias_list1_post/katedolphinpitchforkmodleft.png?raw=true,https://github.com/kelly-marshall/DriftDiffusionAdaptation/blob/main/AudioFiles/modbias_list1_post/katedolphinpitchfork_nopauses.mp3?raw=true
A,33,Post,7,Kate located the pig with the magnifying glass,located,pig,magnifyingglass,Sentence,1,Mod,katepigmagnifyingglass_nopauses.mp3,katepigmagnifyingglassmodleft.png,katepigmagnifyingglassinstright.png,katepigmagnifyingglassinstright.png,katepigmagnifyingglassmodleft.png,2,inst,mod,L,R,410,3319,0.514958462,https://github.com/kelly-marshall/DriftDiffusionAdaptation/blob/main/Pictures/modbias_list1_post/katepigmagnifyingglassinstright.png?raw=true,https://github.com/kelly-marshall/DriftDiffusionAdaptation/blob/main/Pictures/modbias_list1_post/katepigmagnifyingglassmodleft.png?raw=true,https://github.com/kelly-marshall/DriftDiffusionAdaptation/blob/main/AudioFiles/modbias_list1_post/katepigmagnifyingglass_nopauses.mp3?raw=true
A,34,Post,10,Tom located the gorilla with the magnifying glass,located,gorilla,magnifyingglass,Sentence,1,Mod,tomgorillamagnifyingglass_nopauses.mp3,tomgorillamagnifyingglassmodright.png,tomgorillamagnifyingglassinstleft.png,tomgorillamagnifyingglassmodright.png,tomgorillamagnifyingglassinstleft.png,1,mod,inst,R,L,594,3922,0.520712441,https://github.com/kelly-marshall/DriftDiffusionAdaptation/blob/main/Pictures/modbias_list1_post/tomgorillamagnifyingglassmodright.png?raw=true,https://github.com/kelly-marshall/DriftDiffusionAdaptation/blob/main/Pictures/modbias_list1_post/tomgorillamagnifyingglassinstleft.png?raw=true,https://github.com/kelly-marshall/DriftDiffusionAdaptation/blob/main/AudioFiles/modbias_list1_post/tomgorillamagnifyingglass_nopauses.mp3?raw=true
A,35,Post,71,Kate inspected the buffalo with the telescope,inspected,buffalo,telescope,Sentence,1,Mod,katebuffalotelescope_nopauses.mp3,katebuffalotelescopemodright.png,katebuffalotelescopeinstleft.png,katebuffalotelescopemodright.png,katebuffalotelescopeinstleft.png,1,mod,inst,R,L,369,3263,0.529069677,https://github.com/kelly-marshall/DriftDiffusionAdaptation/blob/main/Pictures/modbias_list1_post/katebuffalotelescopemodright.png?raw=true,https://github.com/kelly-marshall/DriftDiffusionAdaptation/blob/main/Pictures/modbias_list1_post/katebuffalotelescopeinstleft.png?raw=true,https://github.com/kelly-marshall/DriftDiffusionAdaptation/blob/main/AudioFiles/modbias_list1_post/katebuffalotelescope_nopauses.mp3?raw=true
A,36,Post,16,Tom felt the lion with the cloth,felt,lion,cloth,Sentence,1,Mod,tomlioncloth_nopauses.mp3,tomlionclothmodleft.png,tomlionclothinstright.png,tomlionclothinstright.png,tomlionclothmodleft.png,2,inst,mod,L,R,574,2550,0.540763182,https://github.com/kelly-marshall/DriftDiffusionAdaptation/blob/main/Pictures/modbias_list1_post/tomlionclothinstright.png?raw=true,https://github.com/kelly-marshall/DriftDiffusionAdaptation/blob/main/Pictures/modbias_list1_post/tomlionclothmodleft.png?raw=true,https://github.com/kelly-marshall/DriftDiffusionAdaptation/blob/main/AudioFiles/modbias_list1_post/tomlioncloth_nopauses.mp3?raw=true
A,37,Post,40,Tom chose the lion with the baseball bat,chose,lion,baseball bat,Sentence,1,Mod,tomlionbaseballbat_nopauses.mp3,tomlionbaseballbatmodleft.png,tomlionbaseballbatinstright.png,tomlionbaseballbatinstright.png,tomlionbaseballbatmodleft.png,2,inst,mod,L,R,574,3237,0.574662979,https://github.com/kelly-marshall/DriftDiffusionAdaptation/blob/main/Pictures/modbias_list1_post/tomlionbaseballbatinstright.png?raw=true,https://github.com/kelly-marshall/DriftDiffusionAdaptation/blob/main/Pictures/modbias_list1_post/tomlionbaseballbatmodleft.png?raw=true,https://github.com/kelly-marshall/DriftDiffusionAdaptation/blob/main/AudioFiles/modbias_list1_post/tomlionbaseballbat_nopauses.mp3?raw=true
A,38,Post,53,Kate glanced at the frog with the mirror,glanced,frog,mirror,Sentence,1,Mod,katefrogmirror_nopauses.mp3,katefrogmirrormodleft.png,katefrogmirrorinstright.png,katefrogmirrorinstright.png,katefrogmirrormodleft.png,2,inst,mod,L,R,399,2790,0.575679896,https://github.com/kelly-marshall/DriftDiffusionAdaptation/blob/main/Pictures/modbias_list1_post/katefrogmirrorinstright.png?raw=true,https://github.com/kelly-marshall/DriftDiffusionAdaptation/blob/main/Pictures/modbias_list1_post/katefrogmirrormodleft.png?raw=true,https://github.com/kelly-marshall/DriftDiffusionAdaptation/blob/main/AudioFiles/modbias_list1_post/katefrogmirror_nopauses.mp3?raw=true
A,39,Post,52,Tom glanced at the lion with the mirror,glanced,lion,mirror,Sentence,1,Mod,tomlionmirror_nopauses.mp3,tomlionmirrormodright.png,tomlionmirrorinstleft.png,tomlionmirrormodright.png,tomlionmirrorinstleft.png,1,mod,inst,R,L,553,2833,0.576182303,https://github.com/kelly-marshall/DriftDiffusionAdaptation/blob/main/Pictures/modbias_list1_post/tomlionmirrormodright.png?raw=true,https://github.com/kelly-marshall/DriftDiffusionAdaptation/blob/main/Pictures/modbias_list1_post/tomlionmirrorinstleft.png?raw=true,https://github.com/kelly-marshall/DriftDiffusionAdaptation/blob/main/AudioFiles/modbias_list1_post/tomlionmirror_nopauses.mp3?raw=true
A,40,Post,63,Kate inspected the fox with the microscope,inspected,fox,microscope,Sentence,1,Mod,katefoxmicroscope_nopauses.mp3,katefoxmicroscopemodright.png,katefoxmicroscopeinstleft.png,katefoxmicroscopemodright.png,katefoxmicroscopeinstleft.png,1,mod,inst,R,L,372,2984,0.592747677,https://github.com/kelly-marshall/DriftDiffusionAdaptation/blob/main/Pictures/modbias_list1_post/katefoxmicroscopemodright.png?raw=true,https://github.com/kelly-marshall/DriftDiffusionAdaptation/blob/main/Pictures/modbias_list1_post/katefoxmicroscopeinstleft.png?raw=true,https://github.com/kelly-marshall/DriftDiffusionAdaptation/blob/main/AudioFiles/modbias_list1_post/katefoxmicroscope_nopauses.mp3?raw=true
A,41,Post,70,Tom inspected the gorilla with the telescope,inspected,gorilla,telescope,Sentence,1,Mod,tomgorillatelescope_nopauses.mp3,tomgorillatelescopemodleft.png,tomgorillatelescopeinstright.png,tomgorillatelescopeinstright.png,tomgorillatelescopemodleft.png,2,inst,mod,L,R,621,3447,0.600854749,https://github.com/kelly-marshall/DriftDiffusionAdaptation/blob/main/Pictures/modbias_list1_post/tomgorillatelescopeinstright.png?raw=true,https://github.com/kelly-marshall/DriftDiffusionAdaptation/blob/main/Pictures/modbias_list1_post/tomgorillatelescopemodleft.png?raw=true,https://github.com/kelly-marshall/DriftDiffusionAdaptation/blob/main/AudioFiles/modbias_list1_post/tomgorillatelescope_nopauses.mp3?raw=true
A,42,Post,64,Tom inspected the lion with the microscope,inspected,lion,microscope,Sentence,1,Mod,tomlionmicroscope_nopauses.mp3,tomlionmicroscopemodleft.png,tomlionmicroscopeinstright.png,tomlionmicroscopeinstright.png,tomlionmicroscopemodleft.png,2,inst,mod,L,R,507,3133,0.611639084,https://github.com/kelly-marshall/DriftDiffusionAdaptation/blob/main/Pictures/modbias_list1_post/tomlionmicroscopeinstright.png?raw=true,https://github.com/kelly-marshall/DriftDiffusionAdaptation/blob/main/Pictures/modbias_list1_post/tomlionmicroscopemodleft.png?raw=true,https://github.com/kelly-marshall/DriftDiffusionAdaptation/blob/main/AudioFiles/modbias_list1_post/tomlionmicroscope_nopauses.mp3?raw=true
A,43,Post,47,Kate chose the buffalo with the pen,chose,buffalo,pen,Sentence,1,Mod,katebuffalopen_nopauses.mp3,katebuffalopenmodright.png,katebuffalopeninstleft.png,katebuffalopenmodright.png,katebuffalopeninstleft.png,1,mod,inst,R,L,419,2521,0.61781304,https://github.com/kelly-marshall/DriftDiffusionAdaptation/blob/main/Pictures/modbias_list1_post/katebuffalopenmodright.png?raw=true,https://github.com/kelly-marshall/DriftDiffusionAdaptation/blob/main/Pictures/modbias_list1_post/katebuffalopeninstleft.png?raw=true,https://github.com/kelly-marshall/DriftDiffusionAdaptation/blob/main/AudioFiles/modbias_list1_post/katebuffalopen_nopauses.mp3?raw=true
A,44,Post,37,Kate chose the dolphin with the baseball bat,chose,dolphin,baseball bat,Sentence,1,Mod,katedolphinbaseballbat_nopauses.mp3,katedolphinbaseballbatmodright.png,katedolphinbaseballbatinstleft.png,katedolphinbaseballbatmodright.png,katedolphinbaseballbatinstleft.png,1,mod,inst,R,L,411,3098,0.623918854,https://github.com/kelly-marshall/DriftDiffusionAdaptation/blob/main/Pictures/modbias_list1_post/katedolphinbaseballbatmodright.png?raw=true,https://github.com/kelly-marshall/DriftDiffusionAdaptation/blob/main/Pictures/modbias_list1_post/katedolphinbaseballbatinstleft.png?raw=true,https://github.com/kelly-marshall/DriftDiffusionAdaptation/blob/main/AudioFiles/modbias_list1_post/katedolphinbaseballbat_nopauses.mp3?raw=true
A,45,Post,54,Tom glanced at the turtle with the mirror,glanced,turtle,mirror,Sentence,1,Mod,tomturtlemirror_nopauses.mp3,tomturtlemirrormodright.png,tomturtlemirrorinstleft.png,tomturtlemirrormodright.png,tomturtlemirrorinstleft.png,1,mod,inst,R,L,577,2857,0.638939116,https://github.com/kelly-marshall/DriftDiffusionAdaptation/blob/main/Pictures/modbias_list1_post/tomturtlemirrormodright.png?raw=true,https://github.com/kelly-marshall/DriftDiffusionAdaptation/blob/main/Pictures/modbias_list1_post/tomturtlemirrorinstleft.png?raw=true,https://github.com/kelly-marshall/DriftDiffusionAdaptation/blob/main/AudioFiles/modbias_list1_post/tomturtlemirror_nopauses.mp3?raw=true
A,46,Post,1,Kate located the dolphin with the glasses,located,dolphin,glasses,Sentence,1,Mod,katedolphinglasses_nopauses.mp3,katedolphinglassesmodleft.png,katedolphinglassesinstright.png,katedolphinglassesinstright.png,katedolphinglassesmodleft.png,2,inst,mod,L,R,401,3078,0.645573704,https://github.com/kelly-marshall/DriftDiffusionAdaptation/blob/main/Pictures/modbias_list1_post/katedolphinglassesinstright.png?raw=true,https://github.com/kelly-marshall/DriftDiffusionAdaptation/blob/main/Pictures/modbias_list1_post/katedolphinglassesmodleft.png?raw=true,https://github.com/kelly-marshall/DriftDiffusionAdaptation/blob/main/AudioFiles/modbias_list1_post/katedolphinglasses_nopauses.mp3?raw=true
A,47,Post,20,Tom felt the girl with the brush,felt,girl,brush,Sentence,1,Mod,tomgirlbrush_nopauses.mp3,tomgirlbrushmodleft.png,tomgirlbrushinstright.png,tomgirlbrushinstright.png,tomgirlbrushmodleft.png,2,inst,mod,L,R,518,2386,0.647032182,https://github.com/kelly-marshall/DriftDiffusionAdaptation/blob/main/Pictures/modbias_list1_post/tomgirlbrushinstright.png?raw=true,https://github.com/kelly-marshall/DriftDiffusionAdaptation/blob/main/Pictures/modbias_list1_post/tomgirlbrushmodleft.png?raw=true,https://github.com/kelly-marshall/DriftDiffusionAdaptation/blob/main/AudioFiles/modbias_list1_post/tomgirlbrush_nopauses.mp3?raw=true
A,48,Post,61,Kate inspected the dolphin with the microscope,inspected,dolphin,microscope,Sentence,1,Mod,katedolphinmicroscope_nopauses.mp3,katedolphinmicroscopemodright.png,katedolphinmicroscopeinstleft.png,katedolphinmicroscopemodright.png,katedolphinmicroscopeinstleft.png,1,mod,inst,R,L,522,3172,0.67841529,https://github.com/kelly-marshall/DriftDiffusionAdaptation/blob/main/Pictures/modbias_list1_post/katedolphinmicroscopemodright.png?raw=true,https://github.com/kelly-marshall/DriftDiffusionAdaptation/blob/main/Pictures/modbias_list1_post/katedolphinmicroscopeinstleft.png?raw=true,https://github.com/kelly-marshall/DriftDiffusionAdaptation/blob/main/AudioFiles/modbias_list1_post/katedolphinmicroscope_nopauses.mp3?raw=true
A,49,Post,13,Kate felt the dolphin with the cloth,felt,dolphin,cloth,Sentence,1,Mod,katedolphincloth_nopauses.mp3,katedolphinclothmodright.png,katedolphinclothinstleft.png,katedolphinclothmodright.png,katedolphinclothinstleft.png,1,mod,inst,R,L,421,2407,0.680124096,https://github.com/kelly-marshall/DriftDiffusionAdaptation/blob/main/Pictures/modbias_list1_post/katedolphinclothmodright.png?raw=true,https://github.com/kelly-marshall/DriftDiffusionAdaptation/blob/main/Pictures/modbias_list1_post/katedolphinclothinstleft.png?raw=true,https://github.com/kelly-marshall/DriftDiffusionAdaptation/blob/main/AudioFiles/modbias_list1_post/katedolphincloth_nopauses.mp3?raw=true
A,50,Post,39,Kate chose the fox with the baseball bat,chose,fox,baseball bat,Sentence,1,Mod,katefoxbaseballbat_nopauses.mp3,katefoxbaseballbatmodright.png,katefoxbaseballbatinstleft.png,katefoxbaseballbatmodright.png,katefoxbaseballbatinstleft.png,1,mod,inst,R,L,407,3056,0.686726434,https://github.com/kelly-marshall/DriftDiffusionAdaptation/blob/main/Pictures/modbias_list1_post/katefoxbaseballbatmodright.png?raw=true,https://github.com/kelly-marshall/DriftDiffusionAdaptation/blob/main/Pictures/modbias_list1_post/katefoxbaseballbatinstleft.png?raw=true,https://github.com/kelly-marshall/DriftDiffusionAdaptation/blob/main/AudioFiles/modbias_list1_post/katefoxbaseballbat_nopauses.mp3?raw=true
A,51,Post,24,Tom felt the hawk with the brush,felt,hawk,brush,Sentence,1,Mod,tomhawkbrush_nopauses.mp3,tomhawkbrushmodleft.png,tomhawkbrushinstright.png,tomhawkbrushinstright.png,tomhawkbrushmodleft.png,2,inst,mod,L,R,488,2359,0.708998219,https://github.com/kelly-marshall/DriftDiffusionAdaptation/blob/main/Pictures/modbias_list1_post/tomhawkbrushinstright.png?raw=true,https://github.com/kelly-marshall/DriftDiffusionAdaptation/blob/main/Pictures/modbias_list1_post/tomhawkbrushmodleft.png?raw=true,https://github.com/kelly-marshall/DriftDiffusionAdaptation/blob/main/AudioFiles/modbias_list1_post/tomhawkbrush_nopauses.mp3?raw=true
A,52,Post,69,Kate inspected the whale with the telescope,inspected,whale,telescope,Sentence,1,Mod,katewhaletelescope_nopauses.mp3,katewhaletelescopemodright.png,katewhaletelescopeinstleft.png,katewhaletelescopemodright.png,katewhaletelescopeinstleft.png,1,mod,inst,R,L,410,2847,0.724601612,https://github.com/kelly-marshall/DriftDiffusionAdaptation/blob/main/Pictures/modbias_list1_post/katewhaletelescopemodright.png?raw=true,https://github.com/kelly-marshall/DriftDiffusionAdaptation/blob/main/Pictures/modbias_list1_post/katewhaletelescopeinstleft.png?raw=true,https://github.com/kelly-marshall/DriftDiffusionAdaptation/blob/main/AudioFiles/modbias_list1_post/katewhaletelescope_nopauses.mp3?raw=true
A,53,Post,72,Tom inspected the hawk with the telescope,inspected,hawk,telescope,Sentence,1,Mod,tomhawktelescope_nopauses.mp3,tomhawktelescopemodleft.png,tomhawktelescopeinstright.png,tomhawktelescopeinstright.png,tomhawktelescopemodleft.png,2,inst,mod,L,R,543,3242,0.724978783,https://github.com/kelly-marshall/DriftDiffusionAdaptation/blob/main/Pictures/modbias_list1_post/tomhawktelescopeinstright.png?raw=true,https://github.com/kelly-marshall/DriftDiffusionAdaptation/blob/main/Pictures/modbias_list1_post/tomhawktelescopemodleft.png?raw=true,https://github.com/kelly-marshall/DriftDiffusionAdaptation/blob/main/AudioFiles/modbias_list1_post/tomhawktelescope_nopauses.mp3?raw=true
A,54,Post,26,Tom moved the cow with the pitchfork,moved,cow,pitchfork,Sentence,1,Mod,tomcowpitchfork_nopauses.mp3,tomcowpitchforkmodright.png,tomcowpitchforkinstleft.png,tomcowpitchforkmodright.png,tomcowpitchforkinstleft.png,1,mod,inst,R,L,501,2623,0.748425506,https://github.com/kelly-marshall/DriftDiffusionAdaptation/blob/main/Pictures/modbias_list1_post/tomcowpitchforkmodright.png?raw=true,https://github.com/kelly-marshall/DriftDiffusionAdaptation/blob/main/Pictures/modbias_list1_post/tomcowpitchforkinstleft.png?raw=true,https://github.com/kelly-marshall/DriftDiffusionAdaptation/blob/main/AudioFiles/modbias_list1_post/tomcowpitchfork_nopauses.mp3?raw=true
A,55,Post,56,Tom glanced at the girl with the glass,glanced,girl,glass,Sentence,1,Mod,tomgirlglass_nopauses.mp3,tomgirlglassmodright.png,tomgirlglassinstleft.png,tomgirlglassmodright.png,tomgirlglassinstleft.png,1,mod,inst,R,L,641,2954,0.757586941,https://github.com/kelly-marshall/DriftDiffusionAdaptation/blob/main/Pictures/modbias_list1_post/tomgirlglassmodright.png?raw=true,https://github.com/kelly-marshall/DriftDiffusionAdaptation/blob/main/Pictures/modbias_list1_post/tomgirlglassinstleft.png?raw=true,https://github.com/kelly-marshall/DriftDiffusionAdaptation/blob/main/AudioFiles/modbias_list1_post/tomgirlglass_nopauses.mp3?raw=true
A,56,Post,18,Tom felt the turtle with the cloth,felt,turtle,cloth,Sentence,1,Mod,tomturtlecloth_nopauses.mp3,tomturtleclothmodleft.png,tomturtleclothinstright.png,tomturtleclothinstright.png,tomturtleclothmodleft.png,2,inst,mod,L,R,517,2276,0.761865337,https://github.com/kelly-marshall/DriftDiffusionAdaptation/blob/main/Pictures/modbias_list1_post/tomturtleclothinstright.png?raw=true,https://github.com/kelly-marshall/DriftDiffusionAdaptation/blob/main/Pictures/modbias_list1_post/tomturtleclothmodleft.png?raw=true,https://github.com/kelly-marshall/DriftDiffusionAdaptation/blob/main/AudioFiles/modbias_list1_post/tomturtlecloth_nopauses.mp3?raw=true
A,57,Post,46,Tom chose the gorilla with the pen,chose,gorilla,pen,Sentence,1,Mod,tomgorillapen_nopauses.mp3,tomgorillapenmodleft.png,tomgorillapeninstright.png,tomgorillapeninstright.png,tomgorillapenmodleft.png,2,inst,mod,L,R,572,2657,0.76626454,https://github.com/kelly-marshall/DriftDiffusionAdaptation/blob/main/Pictures/modbias_list1_post/tomgorillapeninstright.png?raw=true,https://github.com/kelly-marshall/DriftDiffusionAdaptation/blob/main/Pictures/modbias_list1_post/tomgorillapenmodleft.png?raw=true,https://github.com/kelly-marshall/DriftDiffusionAdaptation/blob/main/AudioFiles/modbias_list1_post/tomgorillapen_nopauses.mp3?raw=true
A,58,Post,44,Tom chose the girl with the pen,chose,girl,pen,Sentence,1,Mod,tomgirlpen_nopauses.mp3,tomgirlpenmodleft.png,tomgirlpeninstright.png,tomgirlpeninstright.png,tomgirlpenmodleft.png,2,inst,mod,L,R,544,2361,0.78123774,https://github.com/kelly-marshall/DriftDiffusionAdaptation/blob/main/Pictures/modbias_list1_post/tomgirlpeninstright.png?raw=true,https://github.com/kelly-marshall/DriftDiffusionAdaptation/blob/main/Pictures/modbias_list1_post/tomgirlpenmodleft.png?raw=true,https://github.com/kelly-marshall/DriftDiffusionAdaptation/blob/main/AudioFiles/modbias_list1_post/tomgirlpen_nopauses.mp3?raw=true
A,59,Post,51,Kate glanced at the fox with the mirror,glanced,fox,mirror,Sentence,1,Mod,katefoxmirror_nopauses.mp3,katefoxmirrormodleft.png,katefoxmirrorinstright.png,katefoxmirrorinstright.png,katefoxmirrormodleft.png,2,inst,mod,L,R,383,2728,0.787987087,https://github.com/kelly-marshall/DriftDiffusionAdaptation/blob/main/Pictures/modbias_list1_post/katefoxmirrorinstright.png?raw=true,https://github.com/kelly-marshall/DriftDiffusionAdaptation/blob/main/Pictures/modbias_list1_post/katefoxmirrormodleft.png?raw=true,https://github.com/kelly-marshall/DriftDiffusionAdaptation/blob/main/AudioFiles/modbias_list1_post/katefoxmirror_nopauses.mp3?raw=true
A,60,Post,38,Tom chose the cow with the baseball bat,chose,cow,baseball bat,Sentence,1,Mod,tomcowbaseballbat_nopauses.mp3,tomcowbaseballbatmodleft.png,tomcowbaseballbatinstright.png,tomcowbaseballbatinstright.png,tomcowbaseballbatmodleft.png,2,inst,mod,L,R,548,3077,0.855513802,https://github.com/kelly-marshall/DriftDiffusionAdaptation/blob/main/Pictures/modbias_list1_post/tomcowbaseballbatinstright.png?raw=true,https://github.com/kelly-marshall/DriftDiffusionAdaptation/blob/main/Pictures/modbias_list1_post/tomcowbaseballbatmodleft.png?raw=true,https://github.com/kelly-marshall/DriftDiffusionAdaptation/blob/main/AudioFiles/modbias_list1_post/tomcowbaseballbat_nopauses.mp3?raw=true
A,61,Post,33,Kate moved the whale with the tree branch,moved,whale,treebranch,Sentence,1,Mod,katewhaletreebranch_nopauses.mp3,katewhaletreebranchmodleft.png,katewhaletreebranchinstright.png,katewhaletreebranchinstright.png,katewhaletreebranchmodleft.png,2,inst,mod,L,R,392,2960,0.870193466,https://github.com/kelly-marshall/DriftDiffusionAdaptation/blob/main/Pictures/modbias_list1_post/katewhaletreebranchinstright.png?raw=true,https://github.com/kelly-marshall/DriftDiffusionAdaptation/blob/main/Pictures/modbias_list1_post/katewhaletreebranchmodleft.png?raw=true,https://github.com/kelly-marshall/DriftDiffusionAdaptation/blob/main/AudioFiles/modbias_list1_post/katewhaletreebranch_nopauses.mp3?raw=true
A,62,Post,5,Kate located the frog with the glasses,located,frog,glasses,Sentence,1,Mod,katefrogglasses_nopauses.mp3,katefrogglassesmodleft.png,katefrogglassesinstright.png,katefrogglassesinstright.png,katefrogglassesmodleft.png,2,inst,mod,L,R,393,2799,0.885850767,https://github.com/kelly-marshall/DriftDiffusionAdaptation/blob/main/Pictures/modbias_list1_post/katefrogglassesinstright.png?raw=true,https://github.com/kelly-marshall/DriftDiffusionAdaptation/blob/main/Pictures/modbias_list1_post/katefrogglassesmodleft.png?raw=true,https://github.com/kelly-marshall/DriftDiffusionAdaptation/blob/main/AudioFiles/modbias_list1_post/katefrogglasses_nopauses.mp3?raw=true
A,63,Post,35,Kate moved the buffalo with the tree branch,moved,buffalo,treebranch,Sentence,1,Mod,katebuffalotreebranch_nopauses.mp3,katebuffalotreebranchmodleft.png,katebuffalotreebranchinstright.png,katebuffalotreebranchinstright.png,katebuffalotreebranchmodleft.png,2,inst,mod,L,R,431,2928,0.890077279,https://github.com/kelly-marshall/DriftDiffusionAdaptation/blob/main/Pictures/modbias_list1_post/katebuffalotreebranchinstright.png?raw=true,https://github.com/kelly-marshall/DriftDiffusionAdaptation/blob/main/Pictures/modbias_list1_post/katebuffalotreebranchmodleft.png?raw=true,https://github.com/kelly-marshall/DriftDiffusionAdaptation/blob/main/AudioFiles/modbias_list1_post/katebuffalotreebranch_nopauses.mp3?raw=true
A,64,Post,43,Kate chose the pig with the pen,chose,pig,pen,Sentence,1,Mod,katepigpen_nopauses.mp3,katepigpenmodright.png,katepigpeninstleft.png,katepigpenmodright.png,katepigpeninstleft.png,1,mod,inst,R,L,447,2446,0.891360839,https://github.com/kelly-marshall/DriftDiffusionAdaptation/blob/main/Pictures/modbias_list1_post/katepigpenmodright.png?raw=true,https://github.com/kelly-marshall/DriftDiffusionAdaptation/blob/main/Pictures/modbias_list1_post/katepigpeninstleft.png?raw=true,https://github.com/kelly-marshall/DriftDiffusionAdaptation/blob/main/AudioFiles/modbias_list1_post/katepigpen_nopauses.mp3?raw=true
A,65,Post,9,Kate located the whale with the magnifying glass,located,whale,magnifyingglass,Sentence,1,Mod,katewhalemagnifyingglass_nopauses.mp3,katewhalemagnifyingglassmodleft.png,katewhalemagnifyingglassinstright.png,katewhalemagnifyingglassinstright.png,katewhalemagnifyingglassmodleft.png,2,inst,mod,L,R,410,3716,0.891982115,https://github.com/kelly-marshall/DriftDiffusionAdaptation/blob/main/Pictures/modbias_list1_post/katewhalemagnifyingglassinstright.png?raw=true,https://github.com/kelly-marshall/DriftDiffusionAdaptation/blob/main/Pictures/modbias_list1_post/katewhalemagnifyingglassmodleft.png?raw=true,https://github.com/kelly-marshall/DriftDiffusionAdaptation/blob/main/AudioFiles/modbias_list1_post/katewhalemagnifyingglass_nopauses.mp3?raw=true
A,66,Post,41,Kate chose the frog with the baseball bat,chose,frog,baseball bat,Sentence,1,Mod,katefrogbaseballbat_nopauses.mp3,katefrogbaseballbatmodright.png,katefrogbaseballbatinstleft.png,katefrogbaseballbatmodright.png,katefrogbaseballbatinstleft.png,1,mod,inst,R,L,457,2959,0.899745701,https://github.com/kelly-marshall/DriftDiffusionAdaptation/blob/main/Pictures/modbias_list1_post/katefrogbaseballbatmodright.png?raw=true,https://github.com/kelly-marshall/DriftDiffusionAdaptation/blob/main/Pictures/modbias_list1_post/katefrogbaseballbatinstleft.png?raw=true,https://github.com/kelly-marshall/DriftDiffusionAdaptation/blob/main/AudioFiles/modbias_list1_post/katefrogbaseballbat_nopauses.mp3?raw=true
A,67,Post,11,Kate located the buffalo with the magnifying glass,located,buffalo,magnifyingglass,Sentence,1,Mod,katebuffalomagnifyingglass_nopauses.mp3,katebuffalomagnifyingglassmodleft.png,katebuffalomagnifyingglassinstright.png,katebuffalomagnifyingglassinstright.png,katebuffalomagnifyingglassmodleft.png,2,inst,mod,L,R,411,3570,0.915867437,https://github.com/kelly-marshall/DriftDiffusionAdaptation/blob/main/Pictures/modbias_list1_post/katebuffalomagnifyingglassinstright.png?raw=true,https://github.com/kelly-marshall/DriftDiffusionAdaptation/blob/main/Pictures/modbias_list1_post/katebuffalomagnifyingglassmodleft.png?raw=true,https://github.com/kelly-marshall/DriftDiffusionAdaptation/blob/main/AudioFiles/modbias_list1_post/katebuffalomagnifyingglass_nopauses.mp3?raw=true
A,68,Post,30,Tom moved the turtle with the pitchfork,moved,turtle,pitchfork,Sentence,1,Mod,tomturtlepitchfork_nopauses.mp3,tomturtlepitchforkmodright.png,tomturtlepitchforkinstleft.png,tomturtlepitchforkmodright.png,tomturtlepitchforkinstleft.png,1,mod,inst,R,L,514,2964,0.940645692,https://github.com/kelly-marshall/DriftDiffusionAdaptation/blob/main/Pictures/modbias_list1_post/tomturtlepitchforkmodright.png?raw=true,https://github.com/kelly-marshall/DriftDiffusionAdaptation/blob/main/Pictures/modbias_list1_post/tomturtlepitchforkinstleft.png?raw=true,https://github.com/kelly-marshall/DriftDiffusionAdaptation/blob/main/AudioFiles/modbias_list1_post/tomturtlepitchfork_nopauses.mp3?raw=true
A,69,Post,67,Kate inspected the pig with the telescope,inspected,pig,telescope,Sentence,1,Mod,katepigtelescope_nopauses.mp3,katepigtelescopemodright.png,katepigtelescopeinstleft.png,katepigtelescopemodright.png,katepigtelescopeinstleft.png,1,mod,inst,R,L,421,2935,0.955082752,https://github.com/kelly-marshall/DriftDiffusionAdaptation/blob/main/Pictures/modbias_list1_post/katepigtelescopemodright.png?raw=true,https://github.com/kelly-marshall/DriftDiffusionAdaptation/blob/main/Pictures/modbias_list1_post/katepigtelescopeinstleft.png?raw=true,https://github.com/kelly-marshall/DriftDiffusionAdaptation/blob/main/AudioFiles/modbias_list1_post/katepigtelescope_nopauses.mp3?raw=true
A,70,Post,2,Tom located the cow with the glasses,located,cow,glasses,Sentence,1,Mod,tomcowglasses_nopauses.mp3,tomcowglassesmodright.png,tomcowglassesinstleft.png,tomcowglassesmodright.png,tomcowglassesinstleft.png,1,mod,inst,R,L,697,3205,0.962245916,https://github.com/kelly-marshall/DriftDiffusionAdaptation/blob/main/Pictures/modbias_list1_post/tomcowglassesmodright.png?raw=true,https://github.com/kelly-marshall/DriftDiffusionAdaptation/blob/main/Pictures/modbias_list1_post/tomcowglassesinstleft.png?raw=true,https://github.com/kelly-marshall/DriftDiffusionAdaptation/blob/main/AudioFiles/modbias_list1_post/tomcowglasses_nopauses.mp3?raw=true
A,71,Post,32,Tom moved the girl with the tree branch,moved,girl,treebranch,Sentence,1,Mod,tomgirltreebranch_nopauses.mp3,tomgirltreebranchmodright.png,tomgirltreebranchinstleft.png,tomgirltreebranchmodright.png,tomgirltreebranchinstleft.png,1,mod,inst,R,L,480,2834,0.978430916,https://github.com/kelly-marshall/DriftDiffusionAdaptation/blob/main/Pictures/modbias_list1_post/tomgirltreebranchmodright.png?raw=true,https://github.com/kelly-marshall/DriftDiffusionAdaptation/blob/main/Pictures/modbias_list1_post/tomgirltreebranchinstleft.png?raw=true,https://github.com/kelly-marshall/DriftDiffusionAdaptation/blob/main/AudioFiles/modbias_list1_post/tomgirltreebranch_nopauses.mp3?raw=true
A,72,Post,48,Tom chose the hawk with the pen,chose,hawk,pen,Sentence,1,Mod,tomhawkpen_nopauses.mp3,tomhawkpenmodleft.png,tomhawkpeninstright.png,tomhawkpeninstright.png,tomhawkpenmodleft.png,2,inst,mod,L,R,473,2387,0.99369078,https://github.com/kelly-marshall/DriftDiffusionAdaptation/blob/main/Pictures/modbias_list1_post/tomhawkpeninstright.png?raw=true,https://github.com/kelly-marshall/DriftDiffusionAdaptation/blob/main/Pictures/modbias_list1_post/tomhawkpenmodleft.png?raw=true,https://github.com/kelly-marshall/DriftDiffusionAdaptation/blob/main/AudioFiles/modbias_list1_post/tomhawkpen_nopauses.mp3?raw=true
B,1,Post,67,Kate inspected the pig with the telescope,inspected,pig,telescope,Sentence,1,ModControl,katepigtelescope_nopauses.mp3,katepigtelescopemodright.png,katepigtelescopeinstleft.png,katepigtelescopemodright.png,katepigtelescopeinstleft.png,1,mod,inst,R,L,421,2935,0.0211383,https://github.com/kelly-marshall/DriftDiffusionAdaptation/blob/main/Pictures/modbias_list1_post/katepigtelescopemodright.png?raw=true,https://github.com/kelly-marshall/DriftDiffusionAdaptation/blob/main/Pictures/modbias_list1_post/katepigtelescopeinstleft.png?raw=true,https://github.com/kelly-marshall/DriftDiffusionAdaptation/blob/main/AudioFiles/modbias_list1_post/katepigtelescope_nopauses.mp3?raw=true
B,2,Post,49,Kate glanced at the dolphin with the mirror,glanced,dolphin,mirror,Sentence,1,ModControl,katedolphinmirror_nopauses.mp3,katedolphinmirrormodleft.png,katedolphinmirrorinstright.png,katedolphinmirrorinstright.png,katedolphinmirrormodleft.png,2,inst,mod,L,R,392,2843,0.050209849,https://github.com/kelly-marshall/DriftDiffusionAdaptation/blob/main/Pictures/modbias_list1_post/katedolphinmirrorinstright.png?raw=true,https://github.com/kelly-marshall/DriftDiffusionAdaptation/blob/main/Pictures/modbias_list1_post/katedolphinmirrormodleft.png?raw=true,https://github.com/kelly-marshall/DriftDiffusionAdaptation/blob/main/AudioFiles/modbias_list1_post/katedolphinmirror_nopauses.mp3?raw=true
B,3,Post,20,Tom felt the girl with the brush,felt,girl,brush,Sentence,1,ModControl,tomgirlbrush_nopauses.mp3,tomgirlbrushmodleft.png,tomgirlbrushinstright.png,tomgirlbrushinstright.png,tomgirlbrushmodleft.png,2,inst,mod,L,R,518,2386,0.051128956,https://github.com/kelly-marshall/DriftDiffusionAdaptation/blob/main/Pictures/modbias_list1_post/tomgirlbrushinstright.png?raw=true,https://github.com/kelly-marshall/DriftDiffusionAdaptation/blob/main/Pictures/modbias_list1_post/tomgirlbrushmodleft.png?raw=true,https://github.com/kelly-marshall/DriftDiffusionAdaptation/blob/main/AudioFiles/modbias_list1_post/tomgirlbrush_nopauses.mp3?raw=true
B,4,Post,26,Tom moved the cow with the pitchfork,moved,cow,pitchfork,Sentence,1,ModControl,tomcowpitchfork_nopauses.mp3,tomcowpitchforkmodright.png,tomcowpitchforkinstleft.png,tomcowpitchforkmodright.png,tomcowpitchforkinstleft.png,1,mod,inst,R,L,501,2623,0.062321264,https://github.com/kelly-marshall/DriftDiffusionAdaptation/blob/main/Pictures/modbias_list1_post/tomcowpitchforkmodright.png?raw=true,https://github.com/kelly-marshall/DriftDiffusionAdaptation/blob/main/Pictures/modbias_list1_post/tomcowpitchforkinstleft.png?raw=true,https://github.com/kelly-marshall/DriftDiffusionAdaptation/blob/main/AudioFiles/modbias_list1_post/tomcowpitchfork_nopauses.mp3?raw=true
B,5,Post,9,Kate located the whale with the magnifying glass,located,whale,magnifyingglass,Sentence,1,ModControl,katewhalemagnifyingglass_nopauses.mp3,katewhalemagnifyingglassmodleft.png,katewhalemagnifyingglassinstright.png,katewhalemagnifyingglassinstright.png,katewhalemagnifyingglassmodleft.png,2,inst,mod,L,R,410,3716,0.08863653,https://github.com/kelly-marshall/DriftDiffusionAdaptation/blob/main/Pictures/modbias_list1_post/katewhalemagnifyingglassinstright.png?raw=true,https://github.com/kelly-marshall/DriftDiffusionAdaptation/blob/main/Pictures/modbias_list1_post/katewhalemagnifyingglassmodleft.png?raw=true,https://github.com/kelly-marshall/DriftDiffusionAdaptation/blob/main/AudioFiles/modbias_list1_post/katewhalemagnifyingglass_nopauses.mp3?raw=true
B,6,Post,47,Kate chose the buffalo with the pen,chose,buffalo,pen,Sentence,1,ModControl,katebuffalopen_nopauses.mp3,katebuffalopenmodright.png,katebuffalopeninstleft.png,katebuffalopenmodright.png,katebuffalopeninstleft.png,1,mod,inst,R,L,419,2521,0.089151322,https://github.com/kelly-marshall/DriftDiffusionAdaptation/blob/main/Pictures/modbias_list1_post/katebuffalopenmodright.png?raw=true,https://github.com/kelly-marshall/DriftDiffusionAdaptation/blob/main/Pictures/modbias_list1_post/katebuffalopeninstleft.png?raw=true,https://github.com/kelly-marshall/DriftDiffusionAdaptation/blob/main/AudioFiles/modbias_list1_post/katebuffalopen_nopauses.mp3?raw=true
B,7,Post,10,Tom located the gorilla with the magnifying glass,located,gorilla,magnifyingglass,Sentence,1,ModControl,tomgorillamagnifyingglass_nopauses.mp3,tomgorillamagnifyingglassmodright.png,tomgorillamagnifyingglassinstleft.png,tomgorillamagnifyingglassmodright.png,tomgorillamagnifyingglassinstleft.png,1,mod,inst,R,L,594,3922,0.13560963,https://github.com/kelly-marshall/DriftDiffusionAdaptation/blob/main/Pictures/modbias_list1_post/tomgorillamagnifyingglassmodright.png?raw=true,https://github.com/kelly-marshall/DriftDiffusionAdaptation/blob/main/Pictures/modbias_list1_post/tomgorillamagnifyingglassinstleft.png?raw=true,https://github.com/kelly-marshall/DriftDiffusionAdaptation/blob/main/AudioFiles/modbias_list1_post/tomgorillamagnifyingglass_nopauses.mp3?raw=true
B,8,Post,32,Tom moved the girl with the tree branch,moved,girl,treebranch,Sentence,1,ModControl,tomgirltreebranch_nopauses.mp3,tomgirltreebranchmodright.png,tomgirltreebranchinstleft.png,tomgirltreebranchmodright.png,tomgirltreebranchinstleft.png,1,mod,inst,R,L,480,2834,0.142029885,https://github.com/kelly-marshall/DriftDiffusionAdaptation/blob/main/Pictures/modbias_list1_post/tomgirltreebranchmodright.png?raw=true,https://github.com/kelly-marshall/DriftDiffusionAdaptation/blob/main/Pictures/modbias_list1_post/tomgirltreebranchinstleft.png?raw=true,https://github.com/kelly-marshall/DriftDiffusionAdaptation/blob/main/AudioFiles/modbias_list1_post/tomgirltreebranch_nopauses.mp3?raw=true
B,9,Post,59,Kate glanced at the buffalo with the glass,glanced,buffalo,glass,Sentence,1,ModControl,katebuffaloglass_nopauses.mp3,katebuffaloglassmodleft.png,katebuffaloglassinstright.png,katebuffaloglassinstright.png,katebuffaloglassmodleft.png,2,inst,mod,L,R,415,2823,0.149951262,https://github.com/kelly-marshall/DriftDiffusionAdaptation/blob/main/Pictures/modbias_list1_post/katebuffaloglassinstright.png?raw=true,https://github.com/kelly-marshall/DriftDiffusionAdaptation/blob/main/Pictures/modbias_list1_post/katebuffaloglassmodleft.png?raw=true,https://github.com/kelly-marshall/DriftDiffusionAdaptation/blob/main/AudioFiles/modbias_list1_post/katebuffaloglass_nopauses.mp3?raw=true
B,10,Post,7,Kate located the pig with the magnifying glass,located,pig,magnifyingglass,Sentence,1,ModControl,katepigmagnifyingglass_nopauses.mp3,katepigmagnifyingglassmodleft.png,katepigmagnifyingglassinstright.png,katepigmagnifyingglassinstright.png,katepigmagnifyingglassmodleft.png,2,inst,mod,L,R,410,3319,0.180530186,https://github.com/kelly-marshall/DriftDiffusionAdaptation/blob/main/Pictures/modbias_list1_post/katepigmagnifyingglassinstright.png?raw=true,https://github.com/kelly-marshall/DriftDiffusionAdaptation/blob/main/Pictures/modbias_list1_post/katepigmagnifyingglassmodleft.png?raw=true,https://github.com/kelly-marshall/DriftDiffusionAdaptation/blob/main/AudioFiles/modbias_list1_post/katepigmagnifyingglass_nopauses.mp3?raw=true
B,11,Post,68,Tom inspected the girl with the telescope,inspected,girl,telescope,Sentence,1,ModControl,tomgirltelescope_nopauses.mp3,tomgirltelescopemodleft.png,tomgirltelescopeinstright.png,tomgirltelescopeinstright.png,tomgirltelescopemodleft.png,2,inst,mod,L,R,542,2893,0.183383242,https://github.com/kelly-marshall/DriftDiffusionAdaptation/blob/main/Pictures/modbias_list1_post/tomgirltelescopeinstright.png?raw=true,https://github.com/kelly-marshall/DriftDiffusionAdaptation/blob/main/Pictures/modbias_list1_post/tomgirltelescopemodleft.png?raw=true,https://github.com/kelly-marshall/DriftDiffusionAdaptation/blob/main/AudioFiles/modbias_list1_post/tomgirltelescope_nopauses.mp3?raw=true
B,12,Post,50,Tom glanced at the cow with the mirror,glanced,cow,mirror,Sentence,1,ModControl,tomcowmirror_nopauses.mp3,tomcowmirrormodright.png,tomcowmirrorinstleft.png,tomcowmirrormodright.png,tomcowmirrorinstleft.png,1,mod,inst,R,L,631,2921,0.205025178,https://github.com/kelly-marshall/DriftDiffusionAdaptation/blob/main/Pictures/modbias_list1_post/tomcowmirrormodright.png?raw=true,https://github.com/kelly-marshall/DriftDiffusionAdaptation/blob/main/Pictures/modbias_list1_post/tomcowmirrorinstleft.png?raw=true,https://github.com/kelly-marshall/DriftDiffusionAdaptation/blob/main/AudioFiles/modbias_list1_post/tomcowmirror_nopauses.mp3?raw=true
B,13,Post,71,Kate inspected the buffalo with the telescope,inspected,buffalo,telescope,Sentence,1,ModControl,katebuffalotelescope_nopauses.mp3,katebuffalotelescopemodright.png,katebuffalotelescopeinstleft.png,katebuffalotelescopemodright.png,katebuffalotelescopeinstleft.png,1,mod,inst,R,L,369,3263,0.213718275,https://github.com/kelly-marshall/DriftDiffusionAdaptation/blob/main/Pictures/modbias_list1_post/katebuffalotelescopemodright.png?raw=true,https://github.com/kelly-marshall/DriftDiffusionAdaptation/blob/main/Pictures/modbias_list1_post/katebuffalotelescopeinstleft.png?raw=true,https://github.com/kelly-marshall/DriftDiffusionAdaptation/blob/main/AudioFiles/modbias_list1_post/katebuffalotelescope_nopauses.mp3?raw=true
B,14,Post,40,Tom chose the lion with the baseball bat,chose,lion,baseball bat,Sentence,1,ModControl,tomlionbaseballbat_nopauses.mp3,tomlionbaseballbatmodleft.png,tomlionbaseballbatinstright.png,tomlionbaseballbatinstright.png,tomlionbaseballbatmodleft.png,2,inst,mod,L,R,574,3237,0.233653225,https://github.com/kelly-marshall/DriftDiffusionAdaptation/blob/main/Pictures/modbias_list1_post/tomlionbaseballbatinstright.png?raw=true,https://github.com/kelly-marshall/DriftDiffusionAdaptation/blob/main/Pictures/modbias_list1_post/tomlionbaseballbatmodleft.png?raw=true,https://github.com/kelly-marshall/DriftDiffusionAdaptation/blob/main/AudioFiles/modbias_list1_post/tomlionbaseballbat_nopauses.mp3?raw=true
B,15,Post,61,Kate inspected the dolphin with the microscope,inspected,dolphin,microscope,Sentence,1,ModControl,katedolphinmicroscope_nopauses.mp3,katedolphinmicroscopemodright.png,katedolphinmicroscopeinstleft.png,katedolphinmicroscopemodright.png,katedolphinmicroscopeinstleft.png,1,mod,inst,R,L,522,3172,0.234259395,https://github.com/kelly-marshall/DriftDiffusionAdaptation/blob/main/Pictures/modbias_list1_post/katedolphinmicroscopemodright.png?raw=true,https://github.com/kelly-marshall/DriftDiffusionAdaptation/blob/main/Pictures/modbias_list1_post/katedolphinmicroscopeinstleft.png?raw=true,https://github.com/kelly-marshall/DriftDiffusionAdaptation/blob/main/AudioFiles/modbias_list1_post/katedolphinmicroscope_nopauses.mp3?raw=true
B,16,Post,16,Tom felt the lion with the cloth,felt,lion,cloth,Sentence,1,ModControl,tomlioncloth_nopauses.mp3,tomlionclothmodleft.png,tomlionclothinstright.png,tomlionclothinstright.png,tomlionclothmodleft.png,2,inst,mod,L,R,574,2550,0.259364818,https://github.com/kelly-marshall/DriftDiffusionAdaptation/blob/main/Pictures/modbias_list1_post/tomlionclothinstright.png?raw=true,https://github.com/kelly-marshall/DriftDiffusionAdaptation/blob/main/Pictures/modbias_list1_post/tomlionclothmodleft.png?raw=true,https://github.com/kelly-marshall/DriftDiffusionAdaptation/blob/main/AudioFiles/modbias_list1_post/tomlioncloth_nopauses.mp3?raw=true
B,17,Post,24,Tom felt the hawk with the brush,felt,hawk,brush,Sentence,1,ModControl,tomhawkbrush_nopauses.mp3,tomhawkbrushmodleft.png,tomhawkbrushinstright.png,tomhawkbrushinstright.png,tomhawkbrushmodleft.png,2,inst,mod,L,R,488,2359,0.260261609,https://github.com/kelly-marshall/DriftDiffusionAdaptation/blob/main/Pictures/modbias_list1_post/tomhawkbrushinstright.png?raw=true,https://github.com/kelly-marshall/DriftDiffusionAdaptation/blob/main/Pictures/modbias_list1_post/tomhawkbrushmodleft.png?raw=true,https://github.com/kelly-marshall/DriftDiffusionAdaptation/blob/main/AudioFiles/modbias_list1_post/tomhawkbrush_nopauses.mp3?raw=true
B,18,Post,39,Kate chose the fox with the baseball bat,chose,fox,baseball bat,Sentence,1,ModControl,katefoxbaseballbat_nopauses.mp3,katefoxbaseballbatmodright.png,katefoxbaseballbatinstleft.png,katefoxbaseballbatmodright.png,katefoxbaseballbatinstleft.png,1,mod,inst,R,L,407,3056,0.261876979,https://github.com/kelly-marshall/DriftDiffusionAdaptation/blob/main/Pictures/modbias_list1_post/katefoxbaseballbatmodright.png?raw=true,https://github.com/kelly-marshall/DriftDiffusionAdaptation/blob/main/Pictures/modbias_list1_post/katefoxbaseballbatinstleft.png?raw=true,https://github.com/kelly-marshall/DriftDiffusionAdaptation/blob/main/AudioFiles/modbias_list1_post/katefoxbaseballbat_nopauses.mp3?raw=true
B,19,Post,57,Kate glanced at the whale with the glass,glanced,whale,glass,Sentence,1,ModControl,katewhaleglass_nopauses.mp3,katewhaleglassmodleft.png,katewhaleglassinstright.png,katewhaleglassinstright.png,katewhaleglassmodleft.png,2,inst,mod,L,R,375,2631,0.274269874,https://github.com/kelly-marshall/DriftDiffusionAdaptation/blob/main/Pictures/modbias_list1_post/katewhaleglassinstright.png?raw=true,https://github.com/kelly-marshall/DriftDiffusionAdaptation/blob/main/Pictures/modbias_list1_post/katewhaleglassmodleft.png?raw=true,https://github.com/kelly-marshall/DriftDiffusionAdaptation/blob/main/AudioFiles/modbias_list1_post/katewhaleglass_nopauses.mp3?raw=true
B,20,Post,4,Tom located the lion with the glasses,located,lion,glasses,Sentence,1,ModControl,tomlionglasses_nopauses.mp3,tomlionglassesmodright.png,tomlionglassesinstleft.png,tomlionglassesmodright.png,tomlionglassesinstleft.png,1,mod,inst,R,L,614,3187,0.275228092,https://github.com/kelly-marshall/DriftDiffusionAdaptation/blob/main/Pictures/modbias_list1_post/tomlionglassesmodright.png?raw=true,https://github.com/kelly-marshall/DriftDiffusionAdaptation/blob/main/Pictures/modbias_list1_post/tomlionglassesinstleft.png?raw=true,https://github.com/kelly-marshall/DriftDiffusionAdaptation/blob/main/AudioFiles/modbias_list1_post/tomlionglasses_nopauses.mp3?raw=true
B,21,Post,66,Tom inspected the turtle with the microscope,inspected,turtle,microscope,Sentence,1,ModControl,tomturtlemicroscope_nopauses.mp3,tomturtlemicroscopemodleft.png,tomturtlemicroscopeinstright.png,tomturtlemicroscopeinstright.png,tomturtlemicroscopemodleft.png,2,inst,mod,L,R,521,3091,0.298463153,https://github.com/kelly-marshall/DriftDiffusionAdaptation/blob/main/Pictures/modbias_list1_post/tomturtlemicroscopeinstright.png?raw=true,https://github.com/kelly-marshall/DriftDiffusionAdaptation/blob/main/Pictures/modbias_list1_post/tomturtlemicroscopemodleft.png?raw=true,https://github.com/kelly-marshall/DriftDiffusionAdaptation/blob/main/AudioFiles/modbias_list1_post/tomturtlemicroscope_nopauses.mp3?raw=true
B,22,Post,54,Tom glanced at the turtle with the mirror,glanced,turtle,mirror,Sentence,1,ModControl,tomturtlemirror_nopauses.mp3,tomturtlemirrormodright.png,tomturtlemirrorinstleft.png,tomturtlemirrormodright.png,tomturtlemirrorinstleft.png,1,mod,inst,R,L,577,2857,0.342061104,https://github.com/kelly-marshall/DriftDiffusionAdaptation/blob/main/Pictures/modbias_list1_post/tomturtlemirrormodright.png?raw=true,https://github.com/kelly-marshall/DriftDiffusionAdaptation/blob/main/Pictures/modbias_list1_post/tomturtlemirrorinstleft.png?raw=true,https://github.com/kelly-marshall/DriftDiffusionAdaptation/blob/main/AudioFiles/modbias_list1_post/tomturtlemirror_nopauses.mp3?raw=true
B,23,Post,43,Kate chose the pig with the pen,chose,pig,pen,Sentence,1,ModControl,katepigpen_nopauses.mp3,katepigpenmodright.png,katepigpeninstleft.png,katepigpenmodright.png,katepigpeninstleft.png,1,mod,inst,R,L,447,2446,0.365992509,https://github.com/kelly-marshall/DriftDiffusionAdaptation/blob/main/Pictures/modbias_list1_post/katepigpenmodright.png?raw=true,https://github.com/kelly-marshall/DriftDiffusionAdaptation/blob/main/Pictures/modbias_list1_post/katepigpeninstleft.png?raw=true,https://github.com/kelly-marshall/DriftDiffusionAdaptation/blob/main/AudioFiles/modbias_list1_post/katepigpen_nopauses.mp3?raw=true
B,24,Post,14,Tom felt the cow with the cloth,felt,cow,cloth,Sentence,1,ModControl,tomcowcloth_nopauses.mp3,tomcowclothmodleft.png,tomcowclothinstright.png,tomcowclothinstright.png,tomcowclothmodleft.png,2,inst,mod,L,R,540,2319,0.383375192,https://github.com/kelly-marshall/DriftDiffusionAdaptation/blob/main/Pictures/modbias_list1_post/tomcowclothinstright.png?raw=true,https://github.com/kelly-marshall/DriftDiffusionAdaptation/blob/main/Pictures/modbias_list1_post/tomcowclothmodleft.png?raw=true,https://github.com/kelly-marshall/DriftDiffusionAdaptation/blob/main/AudioFiles/modbias_list1_post/tomcowcloth_nopauses.mp3?raw=true
B,25,Post,51,Kate glanced at the fox with the mirror,glanced,fox,mirror,Sentence,1,ModControl,katefoxmirror_nopauses.mp3,katefoxmirrormodleft.png,katefoxmirrorinstright.png,katefoxmirrorinstright.png,katefoxmirrormodleft.png,2,inst,mod,L,R,383,2728,0.403281139,https://github.com/kelly-marshall/DriftDiffusionAdaptation/blob/main/Pictures/modbias_list1_post/katefoxmirrorinstright.png?raw=true,https://github.com/kelly-marshall/DriftDiffusionAdaptation/blob/main/Pictures/modbias_list1_post/katefoxmirrormodleft.png?raw=true,https://github.com/kelly-marshall/DriftDiffusionAdaptation/blob/main/AudioFiles/modbias_list1_post/katefoxmirror_nopauses.mp3?raw=true
B,26,Post,69,Kate inspected the whale with the telescope,inspected,whale,telescope,Sentence,1,ModControl,katewhaletelescope_nopauses.mp3,katewhaletelescopemodright.png,katewhaletelescopeinstleft.png,katewhaletelescopemodright.png,katewhaletelescopeinstleft.png,1,mod,inst,R,L,410,2847,0.411236178,https://github.com/kelly-marshall/DriftDiffusionAdaptation/blob/main/Pictures/modbias_list1_post/katewhaletelescopemodright.png?raw=true,https://github.com/kelly-marshall/DriftDiffusionAdaptation/blob/main/Pictures/modbias_list1_post/katewhaletelescopeinstleft.png?raw=true,https://github.com/kelly-marshall/DriftDiffusionAdaptation/blob/main/AudioFiles/modbias_list1_post/katewhaletelescope_nopauses.mp3?raw=true
B,27,Post,36,Tom moved the hawk with the tree branch,moved,hawk,treebranch,Sentence,1,ModControl,tomhawktreebranch_nopauses.mp3,tomhawktreebranchmodright.png,tomhawktreebranchinstleft.png,tomhawktreebranchmodright.png,tomhawktreebranchinstleft.png,1,mod,inst,R,L,506,2864,0.417252503,https://github.com/kelly-marshall/DriftDiffusionAdaptation/blob/main/Pictures/modbias_list1_post/tomhawktreebranchmodright.png?raw=true,https://github.com/kelly-marshall/DriftDiffusionAdaptation/blob/main/Pictures/modbias_list1_post/tomhawktreebranchinstleft.png?raw=true,https://github.com/kelly-marshall/DriftDiffusionAdaptation/blob/main/AudioFiles/modbias_list1_post/tomhawktreebranch_nopauses.mp3?raw=true
B,28,Post,8,Tom located the girl with the magnifying glass,located,girl,magnifyingglass,Sentence,1,ModControl,tomgirlmagnifyingglass_nopauses.mp3,tomgirlmagnifyingglassmodright.png,tomgirlmagnifyingglassinstleft.png,tomgirlmagnifyingglassmodright.png,tomgirlmagnifyingglassinstleft.png,1,mod,inst,R,L,517,3762,0.420234079,https://github.com/kelly-marshall/DriftDiffusionAdaptation/blob/main/Pictures/modbias_list1_post/tomgirlmagnifyingglassmodright.png?raw=true,https://github.com/kelly-marshall/DriftDiffusionAdaptation/blob/main/Pictures/modbias_list1_post/tomgirlmagnifyingglassinstleft.png?raw=true,https://github.com/kelly-marshall/DriftDiffusionAdaptation/blob/main/AudioFiles/modbias_list1_post/tomgirlmagnifyingglass_nopauses.mp3?raw=true
B,29,Post,6,Tom located the turtle with the glasses,located,turtle,glasses,Sentence,1,ModControl,tomturtleglasses_nopauses.mp3,tomturtleglassesmodright.png,tomturtleglassesinstleft.png,tomturtleglassesmodright.png,tomturtleglassesinstleft.png,1,mod,inst,R,L,649,3064,0.432548184,https://github.com/kelly-marshall/DriftDiffusionAdaptation/blob/main/Pictures/modbias_list1_post/tomturtleglassesmodright.png?raw=true,https://github.com/kelly-marshall/DriftDiffusionAdaptation/blob/main/Pictures/modbias_list1_post/tomturtleglassesinstleft.png?raw=true,https://github.com/kelly-marshall/DriftDiffusionAdaptation/blob/main/AudioFiles/modbias_list1_post/tomturtleglasses_nopauses.mp3?raw=true
B,30,Post,35,Kate moved the buffalo with the tree branch,moved,buffalo,treebranch,Sentence,1,ModControl,katebuffalotreebranch_nopauses.mp3,katebuffalotreebranchmodleft.png,katebuffalotreebranchinstright.png,katebuffalotreebranchinstright.png,katebuffalotreebranchmodleft.png,2,inst,mod,L,R,431,2928,0.432825043,https://github.com/kelly-marshall/DriftDiffusionAdaptation/blob/main/Pictures/modbias_list1_post/katebuffalotreebranchinstright.png?raw=true,https://github.com/kelly-marshall/DriftDiffusionAdaptation/blob/main/Pictures/modbias_list1_post/katebuffalotreebranchmodleft.png?raw=true,https://github.com/kelly-marshall/DriftDiffusionAdaptation/blob/main/AudioFiles/modbias_list1_post/katebuffalotreebranch_nopauses.mp3?raw=true
B,31,Post,17,Kate felt the frog with the cloth,felt,frog,cloth,Sentence,1,ModControl,katefrogcloth_nopauses.mp3,katefrogclothmodright.png,katefrogclothinstleft.png,katefrogclothmodright.png,katefrogclothinstleft.png,1,mod,inst,R,L,390,2212,0.440576926,https://github.com/kelly-marshall/DriftDiffusionAdaptation/blob/main/Pictures/modbias_list1_post/katefrogclothmodright.png?raw=true,https://github.com/kelly-marshall/DriftDiffusionAdaptation/blob/main/Pictures/modbias_list1_post/katefrogclothinstleft.png?raw=true,https://github.com/kelly-marshall/DriftDiffusionAdaptation/blob/main/AudioFiles/modbias_list1_post/katefrogcloth_nopauses.mp3?raw=true
B,32,Post,41,Kate chose the frog with the baseball bat,chose,frog,baseball bat,Sentence,1,ModControl,katefrogbaseballbat_nopauses.mp3,katefrogbaseballbatmodright.png,katefrogbaseballbatinstleft.png,katefrogbaseballbatmodright.png,katefrogbaseballbatinstleft.png,1,mod,inst,R,L,457,2959,0.445038305,https://github.com/kelly-marshall/DriftDiffusionAdaptation/blob/main/Pictures/modbias_list1_post/katefrogbaseballbatmodright.png?raw=true,https://github.com/kelly-marshall/DriftDiffusionAdaptation/blob/main/Pictures/modbias_list1_post/katefrogbaseballbatinstleft.png?raw=true,https://github.com/kelly-marshall/DriftDiffusionAdaptation/blob/main/AudioFiles/modbias_list1_post/katefrogbaseballbat_nopauses.mp3?raw=true
B,33,Post,12,Tom located the hawk with the magnifying glass,located,hawk,magnifyingglass,Sentence,1,ModControl,tomhawkmagnifyingglass_nopauses.mp3,tomhawkmagnifyingglassmodright.png,tomhawkmagnifyingglassinstleft.png,tomhawkmagnifyingglassmodright.png,tomhawkmagnifyingglassinstleft.png,1,mod,inst,R,L,564,3469,0.445929191,https://github.com/kelly-marshall/DriftDiffusionAdaptation/blob/main/Pictures/modbias_list1_post/tomhawkmagnifyingglassmodright.png?raw=true,https://github.com/kelly-marshall/DriftDiffusionAdaptation/blob/main/Pictures/modbias_list1_post/tomhawkmagnifyingglassinstleft.png?raw=true,https://github.com/kelly-marshall/DriftDiffusionAdaptation/blob/main/AudioFiles/modbias_list1_post/tomhawkmagnifyingglass_nopauses.mp3?raw=true
B,34,Post,53,Kate glanced at the frog with the mirror,glanced,frog,mirror,Sentence,1,ModControl,katefrogmirror_nopauses.mp3,katefrogmirrormodleft.png,katefrogmirrorinstright.png,katefrogmirrorinstright.png,katefrogmirrormodleft.png,2,inst,mod,L,R,399,2790,0.495205104,https://github.com/kelly-marshall/DriftDiffusionAdaptation/blob/main/Pictures/modbias_list1_post/katefrogmirrorinstright.png?raw=true,https://github.com/kelly-marshall/DriftDiffusionAdaptation/blob/main/Pictures/modbias_list1_post/katefrogmirrormodleft.png?raw=true,https://github.com/kelly-marshall/DriftDiffusionAdaptation/blob/main/AudioFiles/modbias_list1_post/katefrogmirror_nopauses.mp3?raw=true
B,35,Post,27,Kate moved the fox with the pitchfork,moved,fox,pitchfork,Sentence,1,ModControl,katefoxpitchfork_nopauses.mp3,katefoxpitchforkmodleft.png,katefoxpitchforkinstright.png,katefoxpitchforkinstright.png,katefoxpitchforkmodleft.png,2,inst,mod,L,R,434,2755,0.50163837,https://github.com/kelly-marshall/DriftDiffusionAdaptation/blob/main/Pictures/modbias_list1_post/katefoxpitchforkinstright.png?raw=true,https://github.com/kelly-marshall/DriftDiffusionAdaptation/blob/main/Pictures/modbias_list1_post/katefoxpitchforkmodleft.png?raw=true,https://github.com/kelly-marshall/DriftDiffusionAdaptation/blob/main/AudioFiles/modbias_list1_post/katefoxpitchfork_nopauses.mp3?raw=true
B,36,Post,70,Tom inspected the gorilla with the telescope,inspected,gorilla,telescope,Sentence,1,ModControl,tomgorillatelescope_nopauses.mp3,tomgorillatelescopemodleft.png,tomgorillatelescopeinstright.png,tomgorillatelescopeinstright.png,tomgorillatelescopemodleft.png,2,inst,mod,L,R,621,3447,0.508099558,https://github.com/kelly-marshall/DriftDiffusionAdaptation/blob/main/Pictures/modbias_list1_post/tomgorillatelescopeinstright.png?raw=true,https://github.com/kelly-marshall/DriftDiffusionAdaptation/blob/main/Pictures/modbias_list1_post/tomgorillatelescopemodleft.png?raw=true,https://github.com/kelly-marshall/DriftDiffusionAdaptation/blob/main/AudioFiles/modbias_list1_post/tomgorillatelescope_nopauses.mp3?raw=true
B,37,Post,34,Tom moved the gorilla with the tree branch,moved,gorilla,treebranch,Sentence,1,ModControl,tomgorillatreebranch_nopauses.mp3,tomgorillatreebranchmodright.png,tomgorillatreebranchinstleft.png,tomgorillatreebranchmodright.png,tomgorillatreebranchinstleft.png,1,mod,inst,R,L,498,3058,0.526407434,https://github.com/kelly-marshall/DriftDiffusionAdaptation/blob/main/Pictures/modbias_list1_post/tomgorillatreebranchmodright.png?raw=true,https://github.com/kelly-marshall/DriftDiffusionAdaptation/blob/main/Pictures/modbias_list1_post/tomgorillatreebranchinstleft.png?raw=true,https://github.com/kelly-marshall/DriftDiffusionAdaptation/blob/main/AudioFiles/modbias_list1_post/tomgorillatreebranch_nopauses.mp3?raw=true
B,38,Post,38,Tom chose the cow with the baseball bat,chose,cow,baseball bat,Sentence,1,ModControl,tomcowbaseballbat_nopauses.mp3,tomcowbaseballbatmodleft.png,tomcowbaseballbatinstright.png,tomcowbaseballbatinstright.png,tomcowbaseballbatmodleft.png,2,inst,mod,L,R,548,3077,0.582193273,https://github.com/kelly-marshall/DriftDiffusionAdaptation/blob/main/Pictures/modbias_list1_post/tomcowbaseballbatinstright.png?raw=true,https://github.com/kelly-marshall/DriftDiffusionAdaptation/blob/main/Pictures/modbias_list1_post/tomcowbaseballbatmodleft.png?raw=true,https://github.com/kelly-marshall/DriftDiffusionAdaptation/blob/main/AudioFiles/modbias_list1_post/tomcowbaseballbat_nopauses.mp3?raw=true
B,39,Post,22,Tom felt the gorilla with the brush,felt,gorilla,brush,Sentence,1,ModControl,tomgorillabrush_nopauses.mp3,tomgorillabrushmodleft.png,tomgorillabrushinstright.png,tomgorillabrushinstright.png,tomgorillabrushmodleft.png,2,inst,mod,L,R,602,2620,0.584800602,https://github.com/kelly-marshall/DriftDiffusionAdaptation/blob/main/Pictures/modbias_list1_post/tomgorillabrushinstright.png?raw=true,https://github.com/kelly-marshall/DriftDiffusionAdaptation/blob/main/Pictures/modbias_list1_post/tomgorillabrushmodleft.png?raw=true,https://github.com/kelly-marshall/DriftDiffusionAdaptation/blob/main/AudioFiles/modbias_list1_post/tomgorillabrush_nopauses.mp3?raw=true
B,40,Post,25,Kate moved the dolphin with the pitchfork,moved,dolphin,pitchfork,Sentence,1,ModControl,katedolphinpitchfork_nopauses.mp3,katedolphinpitchforkmodleft.png,katedolphinpitchforkinstright.png,katedolphinpitchforkinstright.png,katedolphinpitchforkmodleft.png,2,inst,mod,L,R,429,2694,0.604743785,https://github.com/kelly-marshall/DriftDiffusionAdaptation/blob/main/Pictures/modbias_list1_post/katedolphinpitchforkinstright.png?raw=true,https://github.com/kelly-marshall/DriftDiffusionAdaptation/blob/main/Pictures/modbias_list1_post/katedolphinpitchforkmodleft.png?raw=true,https://github.com/kelly-marshall/DriftDiffusionAdaptation/blob/main/AudioFiles/modbias_list1_post/katedolphinpitchfork_nopauses.mp3?raw=true
B,41,Post,19,Kate felt the pig with the brush,felt,pig,brush,Sentence,1,ModControl,katepigbrush_nopauses.mp3,katepigbrushmodright.png,katepigbrushinstleft.png,katepigbrushmodright.png,katepigbrushinstleft.png,1,mod,inst,R,L,379,2196,0.606842665,https://github.com/kelly-marshall/DriftDiffusionAdaptation/blob/main/Pictures/modbias_list1_post/katepigbrushmodright.png?raw=true,https://github.com/kelly-marshall/DriftDiffusionAdaptation/blob/main/Pictures/modbias_list1_post/katepigbrushinstleft.png?raw=true,https://github.com/kelly-marshall/DriftDiffusionAdaptation/blob/main/AudioFiles/modbias_list1_post/katepigbrush_nopauses.mp3?raw=true
B,42,Post,29,Kate moved the frog with the pitchfork,moved,frog,pitchfork,Sentence,1,ModControl,katefrogpitchfork_nopauses.mp3,katefrogpitchforkmodleft.png,katefrogpitchforkinstright.png,katefrogpitchforkinstright.png,katefrogpitchforkmodleft.png,2,inst,mod,L,R,378,2651,0.613421512,https://github.com/kelly-marshall/DriftDiffusionAdaptation/blob/main/Pictures/modbias_list1_post/katefrogpitchforkinstright.png?raw=true,https://github.com/kelly-marshall/DriftDiffusionAdaptation/blob/main/Pictures/modbias_list1_post/katefrogpitchforkmodleft.png?raw=true,https://github.com/kelly-marshall/DriftDiffusionAdaptation/blob/main/AudioFiles/modbias_list1_post/katefrogpitchfork_nopauses.mp3?raw=true
B,43,Post,37,Kate chose the dolphin with the baseball bat,chose,dolphin,baseball bat,Sentence,1,ModControl,katedolphinbaseballbat_nopauses.mp3,katedolphinbaseballbatmodright.png,katedolphinbaseballbatinstleft.png,katedolphinbaseballbatmodright.png,katedolphinbaseballbatinstleft.png,1,mod,inst,R,L,411,3098,0.617286835,https://github.com/kelly-marshall/DriftDiffusionAdaptation/blob/main/Pictures/modbias_list1_post/katedolphinbaseballbatmodright.png?raw=true,https://github.com/kelly-marshall/DriftDiffusionAdaptation/blob/main/Pictures/modbias_list1_post/katedolphinbaseballbatinstleft.png?raw=true,https://github.com/kelly-marshall/DriftDiffusionAdaptation/blob/main/AudioFiles/modbias_list1_post/katedolphinbaseballbat_nopauses.mp3?raw=true
B,44,Post,60,Tom glanced at the hawk with the glass,glanced,hawk,glass,Sentence,1,ModControl,tomhawkglass_nopauses.mp3,tomhawkglassmodright.png,tomhawkglassinstleft.png,tomhawkglassmodright.png,tomhawkglassinstleft.png,1,mod,inst,R,L,574,2789,0.618241199,https://github.com/kelly-marshall/DriftDiffusionAdaptation/blob/main/Pictures/modbias_list1_post/tomhawkglassmodright.png?raw=true,https://github.com/kelly-marshall/DriftDiffusionAdaptation/blob/main/Pictures/modbias_list1_post/tomhawkglassinstleft.png?raw=true,https://github.com/kelly-marshall/DriftDiffusionAdaptation/blob/main/AudioFiles/modbias_list1_post/tomhawkglass_nopauses.mp3?raw=true
B,45,Post,21,Kate felt the whale with the brush,felt,whale,brush,Sentence,1,ModControl,katewhalebrush_nopauses.mp3,katewhalebrushmodright.png,katewhalebrushinstleft.png,katewhalebrushmodright.png,katewhalebrushinstleft.png,1,mod,inst,R,L,439,2385,0.632320837,https://github.com/kelly-marshall/DriftDiffusionAdaptation/blob/main/Pictures/modbias_list1_post/katewhalebrushmodright.png?raw=true,https://github.com/kelly-marshall/DriftDiffusionAdaptation/blob/main/Pictures/modbias_list1_post/katewhalebrushinstleft.png?raw=true,https://github.com/kelly-marshall/DriftDiffusionAdaptation/blob/main/AudioFiles/modbias_list1_post/katewhalebrush_nopauses.mp3?raw=true
B,46,Post,3,Kate located the fox with the glasses,located,fox,glasses,Sentence,1,ModControl,katefoxglasses_nopauses.mp3,katefoxglassesmodleft.png,katefoxglassesinstright.png,katefoxglassesinstright.png,katefoxglassesmodleft.png,2,inst,mod,L,R,450,3017,0.632962013,https://github.com/kelly-marshall/DriftDiffusionAdaptation/blob/main/Pictures/modbias_list1_post/katefoxglassesinstright.png?raw=true,https://github.com/kelly-marshall/DriftDiffusionAdaptation/blob/main/Pictures/modbias_list1_post/katefoxglassesmodleft.png?raw=true,https://github.com/kelly-marshall/DriftDiffusionAdaptation/blob/main/AudioFiles/modbias_list1_post/katefoxglasses_nopauses.mp3?raw=true
B,47,Post,45,Kate chose the whale with the pen,chose,whale,pen,Sentence,1,ModControl,katewhalepen_nopauses.mp3,katewhalepenmodright.png,katewhalepeninstleft.png,katewhalepenmodright.png,katewhalepeninstleft.png,1,mod,inst,R,L,405,2447,0.649713021,https://github.com/kelly-marshall/DriftDiffusionAdaptation/blob/main/Pictures/modbias_list1_post/katewhalepenmodright.png?raw=true,https://github.com/kelly-marshall/DriftDiffusionAdaptation/blob/main/Pictures/modbias_list1_post/katewhalepeninstleft.png?raw=true,https://github.com/kelly-marshall/DriftDiffusionAdaptation/blob/main/AudioFiles/modbias_list1_post/katewhalepen_nopauses.mp3?raw=true
B,48,Post,64,Tom inspected the lion with the microscope,inspected,lion,microscope,Sentence,1,ModControl,tomlionmicroscope_nopauses.mp3,tomlionmicroscopemodleft.png,tomlionmicroscopeinstright.png,tomlionmicroscopeinstright.png,tomlionmicroscopemodleft.png,2,inst,mod,L,R,507,3133,0.687852428,https://github.com/kelly-marshall/DriftDiffusionAdaptation/blob/main/Pictures/modbias_list1_post/tomlionmicroscopeinstright.png?raw=true,https://github.com/kelly-marshall/DriftDiffusionAdaptation/blob/main/Pictures/modbias_list1_post/tomlionmicroscopemodleft.png?raw=true,https://github.com/kelly-marshall/DriftDiffusionAdaptation/blob/main/AudioFiles/modbias_list1_post/tomlionmicroscope_nopauses.mp3?raw=true
B,49,Post,23,Kate felt the buffalo with the brush,felt,buffalo,brush,Sentence,1,ModControl,katebuffalobrush_nopauses.mp3,katebuffalobrushmodright.png,katebuffalobrushinstleft.png,katebuffalobrushmodright.png,katebuffalobrushinstleft.png,1,mod,inst,R,L,390,2463,0.70722675,https://github.com/kelly-marshall/DriftDiffusionAdaptation/blob/main/Pictures/modbias_list1_post/katebuffalobrushmodright.png?raw=true,https://github.com/kelly-marshall/DriftDiffusionAdaptation/blob/main/Pictures/modbias_list1_post/katebuffalobrushinstleft.png?raw=true,https://github.com/kelly-marshall/DriftDiffusionAdaptation/blob/main/AudioFiles/modbias_list1_post/katebuffalobrush_nopauses.mp3?raw=true
B,50,Post,48,Tom chose the hawk with the pen,chose,hawk,pen,Sentence,1,ModControl,tomhawkpen_nopauses.mp3,tomhawkpenmodleft.png,tomhawkpeninstright.png,tomhawkpeninstright.png,tomhawkpenmodleft.png,2,inst,mod,L,R,473,2387,0.715913682,https://github.com/kelly-marshall/DriftDiffusionAdaptation/blob/main/Pictures/modbias_list1_post/tomhawkpeninstright.png?raw=true,https://github.com/kelly-marshall/DriftDiffusionAdaptation/blob/main/Pictures/modbias_list1_post/tomhawkpenmodleft.png?raw=true,https://github.com/kelly-marshall/DriftDiffusionAdaptation/blob/main/AudioFiles/modbias_list1_post/tomhawkpen_nopauses.mp3?raw=true
B,51,Post,63,Kate inspected the fox with the microscope,inspected,fox,microscope,Sentence,1,ModControl,katefoxmicroscope_nopauses.mp3,katefoxmicroscopemodright.png,katefoxmicroscopeinstleft.png,katefoxmicroscopemodright.png,katefoxmicroscopeinstleft.png,1,mod,inst,R,L,372,2984,0.728003693,https://github.com/kelly-marshall/DriftDiffusionAdaptation/blob/main/Pictures/modbias_list1_post/katefoxmicroscopemodright.png?raw=true,https://github.com/kelly-marshall/DriftDiffusionAdaptation/blob/main/Pictures/modbias_list1_post/katefoxmicroscopeinstleft.png?raw=true,https://github.com/kelly-marshall/DriftDiffusionAdaptation/blob/main/AudioFiles/modbias_list1_post/katefoxmicroscope_nopauses.mp3?raw=true
B,52,Post,65,Kate inspected the frog with the microscope,inspected,frog,microscope,Sentence,1,ModControl,katefrogmicroscope_nopauses.mp3,katefrogmicroscopemodright.png,katefrogmicroscopeinstleft.png,katefrogmicroscopemodright.png,katefrogmicroscopeinstleft.png,1,mod,inst,R,L,382,3006,0.766335044,https://github.com/kelly-marshall/DriftDiffusionAdaptation/blob/main/Pictures/modbias_list1_post/katefrogmicroscopemodright.png?raw=true,https://github.com/kelly-marshall/DriftDiffusionAdaptation/blob/main/Pictures/modbias_list1_post/katefrogmicroscopeinstleft.png?raw=true,https://github.com/kelly-marshall/DriftDiffusionAdaptation/blob/main/AudioFiles/modbias_list1_post/katefrogmicroscope_nopauses.mp3?raw=true
B,53,Post,72,Tom inspected the hawk with the telescope,inspected,hawk,telescope,Sentence,1,ModControl,tomhawktelescope_nopauses.mp3,tomhawktelescopemodleft.png,tomhawktelescopeinstright.png,tomhawktelescopeinstright.png,tomhawktelescopemodleft.png,2,inst,mod,L,R,543,3242,0.773245025,https://github.com/kelly-marshall/DriftDiffusionAdaptation/blob/main/Pictures/modbias_list1_post/tomhawktelescopeinstright.png?raw=true,https://github.com/kelly-marshall/DriftDiffusionAdaptation/blob/main/Pictures/modbias_list1_post/tomhawktelescopemodleft.png?raw=true,https://github.com/kelly-marshall/DriftDiffusionAdaptation/blob/main/AudioFiles/modbias_list1_post/tomhawktelescope_nopauses.mp3?raw=true
B,54,Post,44,Tom chose the girl with the pen,chose,girl,pen,Sentence,1,ModControl,tomgirlpen_nopauses.mp3,tomgirlpenmodleft.png,tomgirlpeninstright.png,tomgirlpeninstright.png,tomgirlpenmodleft.png,2,inst,mod,L,R,544,2361,0.774182567,https://github.com/kelly-marshall/DriftDiffusionAdaptation/blob/main/Pictures/modbias_list1_post/tomgirlpeninstright.png?raw=true,https://github.com/kelly-marshall/DriftDiffusionAdaptation/blob/main/Pictures/modbias_list1_post/tomgirlpenmodleft.png?raw=true,https://github.com/kelly-marshall/DriftDiffusionAdaptation/blob/main/AudioFiles/modbias_list1_post/tomgirlpen_nopauses.mp3?raw=true
B,55,Post,15,Kate felt the fox with the cloth,felt,fox,cloth,Sentence,1,ModControl,katefoxcloth_nopauses.mp3,katefoxclothmodright.png,katefoxclothinstleft.png,katefoxclothmodright.png,katefoxclothinstleft.png,1,mod,inst,R,L,410,2397,0.77640982,https://github.com/kelly-marshall/DriftDiffusionAdaptation/blob/main/Pictures/modbias_list1_post/katefoxclothmodright.png?raw=true,https://github.com/kelly-marshall/DriftDiffusionAdaptation/blob/main/Pictures/modbias_list1_post/katefoxclothinstleft.png?raw=true,https://github.com/kelly-marshall/DriftDiffusionAdaptation/blob/main/AudioFiles/modbias_list1_post/katefoxcloth_nopauses.mp3?raw=true
B,56,Post,28,Tom moved the lion with the pitchfork,moved,lion,pitchfork,Sentence,1,ModControl,tomlionpitchfork_nopauses.mp3,tomlionpitchforkmodright.png,tomlionpitchforkinstleft.png,tomlionpitchforkmodright.png,tomlionpitchforkinstleft.png,1,mod,inst,R,L,516,2767,0.793981956,https://github.com/kelly-marshall/DriftDiffusionAdaptation/blob/main/Pictures/modbias_list1_post/tomlionpitchforkmodright.png?raw=true,https://github.com/kelly-marshall/DriftDiffusionAdaptation/blob/main/Pictures/modbias_list1_post/tomlionpitchforkinstleft.png?raw=true,https://github.com/kelly-marshall/DriftDiffusionAdaptation/blob/main/AudioFiles/modbias_list1_post/tomlionpitchfork_nopauses.mp3?raw=true
B,57,Post,52,Tom glanced at the lion with the mirror,glanced,lion,mirror,Sentence,1,ModControl,tomlionmirror_nopauses.mp3,tomlionmirrormodright.png,tomlionmirrorinstleft.png,tomlionmirrormodright.png,tomlionmirrorinstleft.png,1,mod,inst,R,L,553,2833,0.797471518,https://github.com/kelly-marshall/DriftDiffusionAdaptation/blob/main/Pictures/modbias_list1_post/tomlionmirrormodright.png?raw=true,https://github.com/kelly-marshall/DriftDiffusionAdaptation/blob/main/Pictures/modbias_list1_post/tomlionmirrorinstleft.png?raw=true,https://github.com/kelly-marshall/DriftDiffusionAdaptation/blob/main/AudioFiles/modbias_list1_post/tomlionmirror_nopauses.mp3?raw=true
B,58,Post,58,Tom glanced at the gorilla with the glass,glanced,gorilla,glass,Sentence,1,ModControl,tomgorillaglass_nopauses.mp3,tomgorillaglassmodright.png,tomgorillaglassinstleft.png,tomgorillaglassmodright.png,tomgorillaglassinstleft.png,1,mod,inst,R,L,607,2920,0.838654035,https://github.com/kelly-marshall/DriftDiffusionAdaptation/blob/main/Pictures/modbias_list1_post/tomgorillaglassmodright.png?raw=true,https://github.com/kelly-marshall/DriftDiffusionAdaptation/blob/main/Pictures/modbias_list1_post/tomgorillaglassinstleft.png?raw=true,https://github.com/kelly-marshall/DriftDiffusionAdaptation/blob/main/AudioFiles/modbias_list1_post/tomgorillaglass_nopauses.mp3?raw=true
B,59,Post,18,Tom felt the turtle with the cloth,felt,turtle,cloth,Sentence,1,ModControl,tomturtlecloth_nopauses.mp3,tomturtleclothmodleft.png,tomturtleclothinstright.png,tomturtleclothinstright.png,tomturtleclothmodleft.png,2,inst,mod,L,R,517,2276,0.839751374,https://github.com/kelly-marshall/DriftDiffusionAdaptation/blob/main/Pictures/modbias_list1_post/tomturtleclothinstright.png?raw=true,https://github.com/kelly-marshall/DriftDiffusionAdaptation/blob/main/Pictures/modbias_list1_post/tomturtleclothmodleft.png?raw=true,https://github.com/kelly-marshall/DriftDiffusionAdaptation/blob/main/AudioFiles/modbias_list1_post/tomturtlecloth_nopauses.mp3?raw=true
B,60,Post,30,Tom moved the turtle with the pitchfork,moved,turtle,pitchfork,Sentence,1,ModControl,tomturtlepitchfork_nopauses.mp3,tomturtlepitchforkmodright.png,tomturtlepitchforkinstleft.png,tomturtlepitchforkmodright.png,tomturtlepitchforkinstleft.png,1,mod,inst,R,L,514,2964,0.85110757,https://github.com/kelly-marshall/DriftDiffusionAdaptation/blob/main/Pictures/modbias_list1_post/tomturtlepitchforkmodright.png?raw=true,https://github.com/kelly-marshall/DriftDiffusionAdaptation/blob/main/Pictures/modbias_list1_post/tomturtlepitchforkinstleft.png?raw=true,https://github.com/kelly-marshall/DriftDiffusionAdaptation/blob/main/AudioFiles/modbias_list1_post/tomturtlepitchfork_nopauses.mp3?raw=true
B,61,Post,5,Kate located the frog with the glasses,located,frog,glasses,Sentence,1,ModControl,katefrogglasses_nopauses.mp3,katefrogglassesmodleft.png,katefrogglassesinstright.png,katefrogglassesinstright.png,katefrogglassesmodleft.png,2,inst,mod,L,R,393,2799,0.852181009,https://github.com/kelly-marshall/DriftDiffusionAdaptation/blob/main/Pictures/modbias_list1_post/katefrogglassesinstright.png?raw=true,https://github.com/kelly-marshall/DriftDiffusionAdaptation/blob/main/Pictures/modbias_list1_post/katefrogglassesmodleft.png?raw=true,https://github.com/kelly-marshall/DriftDiffusionAdaptation/blob/main/AudioFiles/modbias_list1_post/katefrogglasses_nopauses.mp3?raw=true
B,62,Post,55,Kate glanced at the pig with the glass,glanced,pig,glass,Sentence,1,ModControl,katepigglass_nopauses.mp3,katepigglassmodleft.png,katepigglassinstright.png,katepigglassinstright.png,katepigglassmodleft.png,2,inst,mod,L,R,406,2632,0.853500177,https://github.com/kelly-marshall/DriftDiffusionAdaptation/blob/main/Pictures/modbias_list1_post/katepigglassinstright.png?raw=true,https://github.com/kelly-marshall/DriftDiffusionAdaptation/blob/main/Pictures/modbias_list1_post/katepigglassmodleft.png?raw=true,https://github.com/kelly-marshall/DriftDiffusionAdaptation/blob/main/AudioFiles/modbias_list1_post/katepigglass_nopauses.mp3?raw=true
B,63,Post,42,Tom chose the turtle with the baseball bat,chose,turtle,baseball bat,Sentence,1,ModControl,tomturtlebaseballbat_nopauses.mp3,tomturtlebaseballbatmodleft.png,tomturtlebaseballbatinstright.png,tomturtlebaseballbatinstright.png,tomturtlebaseballbatmodleft.png,2,inst,mod,L,R,591,3173,0.857515556,https://github.com/kelly-marshall/DriftDiffusionAdaptation/blob/main/Pictures/modbias_list1_post/tomturtlebaseballbatinstright.png?raw=true,https://github.com/kelly-marshall/DriftDiffusionAdaptation/blob/main/Pictures/modbias_list1_post/tomturtlebaseballbatmodleft.png?raw=true,https://github.com/kelly-marshall/DriftDiffusionAdaptation/blob/main/AudioFiles/modbias_list1_post/tomturtlebaseballbat_nopauses.mp3?raw=true
B,64,Post,13,Kate felt the dolphin with the cloth,felt,dolphin,cloth,Sentence,1,ModControl,katedolphincloth_nopauses.mp3,katedolphinclothmodright.png,katedolphinclothinstleft.png,katedolphinclothmodright.png,katedolphinclothinstleft.png,1,mod,inst,R,L,421,2407,0.907492715,https://github.com/kelly-marshall/DriftDiffusionAdaptation/blob/main/Pictures/modbias_list1_post/katedolphinclothmodright.png?raw=true,https://github.com/kelly-marshall/DriftDiffusionAdaptation/blob/main/Pictures/modbias_list1_post/katedolphinclothinstleft.png?raw=true,https://github.com/kelly-marshall/DriftDiffusionAdaptation/blob/main/AudioFiles/modbias_list1_post/katedolphincloth_nopauses.mp3?raw=true
B,65,Post,11,Kate located the buffalo with the magnifying glass,located,buffalo,magnifyingglass,Sentence,1,ModControl,katebuffalomagnifyingglass_nopauses.mp3,katebuffalomagnifyingglassmodleft.png,katebuffalomagnifyingglassinstright.png,katebuffalomagnifyingglassinstright.png,katebuffalomagnifyingglassmodleft.png,2,inst,mod,L,R,411,3570,0.930610247,https://github.com/kelly-marshall/DriftDiffusionAdaptation/blob/main/Pictures/modbias_list1_post/katebuffalomagnifyingglassinstright.png?raw=true,https://github.com/kelly-marshall/DriftDiffusionAdaptation/blob/main/Pictures/modbias_list1_post/katebuffalomagnifyingglassmodleft.png?raw=true,https://github.com/kelly-marshall/DriftDiffusionAdaptation/blob/main/AudioFiles/modbias_list1_post/katebuffalomagnifyingglass_nopauses.mp3?raw=true
B,66,Post,46,Tom chose the gorilla with the pen,chose,gorilla,pen,Sentence,1,ModControl,tomgorillapen_nopauses.mp3,tomgorillapenmodleft.png,tomgorillapeninstright.png,tomgorillapeninstright.png,tomgorillapenmodleft.png,2,inst,mod,L,R,572,2657,0.96828901,https://github.com/kelly-marshall/DriftDiffusionAdaptation/blob/main/Pictures/modbias_list1_post/tomgorillapeninstright.png?raw=true,https://github.com/kelly-marshall/DriftDiffusionAdaptation/blob/main/Pictures/modbias_list1_post/tomgorillapenmodleft.png?raw=true,https://github.com/kelly-marshall/DriftDiffusionAdaptation/blob/main/AudioFiles/modbias_list1_post/tomgorillapen_nopauses.mp3?raw=true
B,67,Post,33,Kate moved the whale with the tree branch,moved,whale,treebranch,Sentence,1,ModControl,katewhaletreebranch_nopauses.mp3,katewhaletreebranchmodleft.png,katewhaletreebranchinstright.png,katewhaletreebranchinstright.png,katewhaletreebranchmodleft.png,2,inst,mod,L,R,392,2960,0.974010409,https://github.com/kelly-marshall/DriftDiffusionAdaptation/blob/main/Pictures/modbias_list1_post/katewhaletreebranchinstright.png?raw=true,https://github.com/kelly-marshall/DriftDiffusionAdaptation/blob/main/Pictures/modbias_list1_post/katewhaletreebranchmodleft.png?raw=true,https://github.com/kelly-marshall/DriftDiffusionAdaptation/blob/main/AudioFiles/modbias_list1_post/katewhaletreebranch_nopauses.mp3?raw=true
B,68,Post,56,Tom glanced at the girl with the glass,glanced,girl,glass,Sentence,1,ModControl,tomgirlglass_nopauses.mp3,tomgirlglassmodright.png,tomgirlglassinstleft.png,tomgirlglassmodright.png,tomgirlglassinstleft.png,1,mod,inst,R,L,641,2954,0.980492559,https://github.com/kelly-marshall/DriftDiffusionAdaptation/blob/main/Pictures/modbias_list1_post/tomgirlglassmodright.png?raw=true,https://github.com/kelly-marshall/DriftDiffusionAdaptation/blob/main/Pictures/modbias_list1_post/tomgirlglassinstleft.png?raw=true,https://github.com/kelly-marshall/DriftDiffusionAdaptation/blob/main/AudioFiles/modbias_list1_post/tomgirlglass_nopauses.mp3?raw=true
B,69,Post,1,Kate located the dolphin with the glasses,located,dolphin,glasses,Sentence,1,ModControl,katedolphinglasses_nopauses.mp3,katedolphinglassesmodleft.png,katedolphinglassesinstright.png,katedolphinglassesinstright.png,katedolphinglassesmodleft.png,2,inst,mod,L,R,401,3078,0.981226243,https://github.com/kelly-marshall/DriftDiffusionAdaptation/blob/main/Pictures/modbias_list1_post/katedolphinglassesinstright.png?raw=true,https://github.com/kelly-marshall/DriftDiffusionAdaptation/blob/main/Pictures/modbias_list1_post/katedolphinglassesmodleft.png?raw=true,https://github.com/kelly-marshall/DriftDiffusionAdaptation/blob/main/AudioFiles/modbias_list1_post/katedolphinglasses_nopauses.mp3?raw=true
B,70,Post,62,Tom inspected the cow with the microscope,inspected,cow,microscope,Sentence,1,ModControl,tomcowmicroscope_nopauses.mp3,tomcowmicroscopemodleft.png,tomcowmicroscopeinstright.png,tomcowmicroscopeinstright.png,tomcowmicroscopemodleft.png,2,inst,mod,L,R,556,3183,0.984855138,https://github.com/kelly-marshall/DriftDiffusionAdaptation/blob/main/Pictures/modbias_list1_post/tomcowmicroscopeinstright.png?raw=true,https://github.com/kelly-marshall/DriftDiffusionAdaptation/blob/main/Pictures/modbias_list1_post/tomcowmicroscopemodleft.png?raw=true,https://github.com/kelly-marshall/DriftDiffusionAdaptation/blob/main/AudioFiles/modbias_list1_post/tomcowmicroscope_nopauses.mp3?raw=true
B,71,Post,2,Tom located the cow with the glasses,located,cow,glasses,Sentence,1,ModControl,tomcowglasses_nopauses.mp3,tomcowglassesmodright.png,tomcowglassesinstleft.png,tomcowglassesmodright.png,tomcowglassesinstleft.png,1,mod,inst,R,L,697,3205,0.989805254,https://github.com/kelly-marshall/DriftDiffusionAdaptation/blob/main/Pictures/modbias_list1_post/tomcowglassesmodright.png?raw=true,https://github.com/kelly-marshall/DriftDiffusionAdaptation/blob/main/Pictures/modbias_list1_post/tomcowglassesinstleft.png?raw=true,https://github.com/kelly-marshall/DriftDiffusionAdaptation/blob/main/AudioFiles/modbias_list1_post/tomcowglasses_nopauses.mp3?raw=true
B,72,Post,31,Kate moved the pig with the tree branch,moved,pig,treebranch,Sentence,1,ModControl,katepigtreebranch_nopauses.mp3,katepigtreebranchmodleft.png,katepigtreebranchinstright.png,katepigtreebranchinstright.png,katepigtreebranchmodleft.png,2,inst,mod,L,R,457,2757,0.997859948,https://github.com/kelly-marshall/DriftDiffusionAdaptation/blob/main/Pictures/modbias_list1_post/katepigtreebranchinstright.png?raw=true,https://github.com/kelly-marshall/DriftDiffusionAdaptation/blob/main/Pictures/modbias_list1_post/katepigtreebranchmodleft.png?raw=true,https://github.com/kelly-marshall/DriftDiffusionAdaptation/blob/main/AudioFiles/modbias_list1_post/katepigtreebranch_nopauses.mp3?raw=true