TrialOrder,Block,Trial,Sentence,Verb,Noun1,Noun2,Type,List,Bias,TrialGroup,AudioFile,CongruentPic,IncongruentPic,image1,image2,targetlocation,image1type,image2type,moddirection,instdirection,VerbTime,audiodur,Rand,GitLink_image1,GitLink_image2,GitLink_AudioFile
1,Training,63,Tom inspected the fox with the stick,inspected,fox,stick,Sentence,1,ModControl,3,tomfoxstick_nopauses.mp3,tomfoxstickmodleft.png,tomfoxstickinstright.png,tomfoxstickinstright.png,tomfoxstickmodleft.png,2,inst,mod,L,R,504,2674,0.038950512,https://github.com/kelly-marshall/DriftDiffusionAdaptation/blob/main/Pictures/modbias_list1_training/tomfoxstickinstright.png?raw=true,https://github.com/kelly-marshall/DriftDiffusionAdaptation/blob/main/Pictures/modbias_list1_training/tomfoxstickmodleft.png?raw=true,https://github.com/kelly-marshall/DriftDiffusionAdaptation/blob/main/AudioFiles/modbias_list1_training/tomfoxstick_nopauses.mp3?raw=true
2,Training,63,Who did it?,inspected,NA,NA,Question_Control,1,ModControl,,whodidit.mp3,tom.png,kate.png,kate.png,tom.png,2,incongruent,congruent,NA,NA,1,650,0.038950512,https://github.com/kelly-marshall/DriftDiffusionAdaptation/blob/main/Pictures/modbias_list1_training/kate.png?raw=true,https://github.com/kelly-marshall/DriftDiffusionAdaptation/blob/main/Pictures/modbias_list1_training/tom.png?raw=true,https://github.com/kelly-marshall/DriftDiffusionAdaptation/blob/main/AudioFiles/modbias_list1_training/whodidit.mp3?raw=true
3,Training,1,Tom located the dolphin with the grass,located,dolphin,grass,Sentence,1,ModControl,1,tomdolphingrass_nopauses.mp3,tomdolphingrassmodright.png,tomdolphingrassinstleft.png,tomdolphingrassmodright.png,tomdolphingrassinstleft.png,1,mod,inst,R,L,588,3180,0.050196044,https://github.com/kelly-marshall/DriftDiffusionAdaptation/blob/main/Pictures/modbias_list1_training/tomdolphingrassmodright.png?raw=true,https://github.com/kelly-marshall/DriftDiffusionAdaptation/blob/main/Pictures/modbias_list1_training/tomdolphingrassinstleft.png?raw=true,https://github.com/kelly-marshall/DriftDiffusionAdaptation/blob/main/AudioFiles/modbias_list1_training/tomdolphingrass_nopauses.mp3?raw=true
4,Training,1,Who did it?,located,NA,NA,Question_Control,1,ModControl,,whodidit.mp3,tom.png,kate.png,tom.png,kate.png,1,congruent,incongruent,NA,NA,1,650,0.050196044,https://github.com/kelly-marshall/DriftDiffusionAdaptation/blob/main/Pictures/modbias_list1_training/tom.png?raw=true,https://github.com/kelly-marshall/DriftDiffusionAdaptation/blob/main/Pictures/modbias_list1_training/kate.png?raw=true,https://github.com/kelly-marshall/DriftDiffusionAdaptation/blob/main/AudioFiles/modbias_list1_training/whodidit.mp3?raw=true
5,Training,70,Kate inspected the gorilla with the chopsticks,inspected,gorilla,chopsticks,Sentence,1,ModControl,10,kategorillachopsticks_nopauses.mp3,kategorillachopsticksmodright.png,kategorillachopsticksinstleft.png,kategorillachopsticksmodright.png,kategorillachopsticksinstleft.png,1,mod,inst,R,L,449,3411,0.064202285,https://github.com/kelly-marshall/DriftDiffusionAdaptation/blob/main/Pictures/modbias_list1_training/kategorillachopsticksmodright.png?raw=true,https://github.com/kelly-marshall/DriftDiffusionAdaptation/blob/main/Pictures/modbias_list1_training/kategorillachopsticksinstleft.png?raw=true,https://github.com/kelly-marshall/DriftDiffusionAdaptation/blob/main/AudioFiles/modbias_list1_training/kategorillachopsticks_nopauses.mp3?raw=true
6,Training,70,Who did it?,inspected,NA,NA,Question_Control,1,ModControl,,whodidit.mp3,kate.png,tom.png,kate.png,tom.png,1,congruent,incongruent,NA,NA,1,650,0.064202285,https://github.com/kelly-marshall/DriftDiffusionAdaptation/blob/main/Pictures/modbias_list1_training/kate.png?raw=true,https://github.com/kelly-marshall/DriftDiffusionAdaptation/blob/main/Pictures/modbias_list1_training/tom.png?raw=true,https://github.com/kelly-marshall/DriftDiffusionAdaptation/blob/main/AudioFiles/modbias_list1_training/whodidit.mp3?raw=true
7,Training,8,Kate located the girl with the feather,located,girl,feather,Sentence,1,ModControl,8,kategirlfeather_nopauses.mp3,kategirlfeathermodleft.png,kategirlfeatherinstright.png,kategirlfeatherinstright.png,kategirlfeathermodleft.png,2,inst,mod,L,R,344,2500,0.080532374,https://github.com/kelly-marshall/DriftDiffusionAdaptation/blob/main/Pictures/modbias_list1_training/kategirlfeatherinstright.png?raw=true,https://github.com/kelly-marshall/DriftDiffusionAdaptation/blob/main/Pictures/modbias_list1_training/kategirlfeathermodleft.png?raw=true,https://github.com/kelly-marshall/DriftDiffusionAdaptation/blob/main/AudioFiles/modbias_list1_training/kategirlfeather_nopauses.mp3?raw=true
8,Training,8,Who did not do it?,located,NA,NA,Question_Control,1,ModControl,,whodidnotdoit.mp3,tom.png,kate.png,kate.png,tom.png,2,incongruent,congruent,NA,NA,1,1498,0.080532374,https://github.com/kelly-marshall/DriftDiffusionAdaptation/blob/main/Pictures/modbias_list1_training/tom.png?raw=true,https://github.com/kelly-marshall/DriftDiffusionAdaptation/blob/main/Pictures/modbias_list1_training/kate.png?raw=true,https://github.com/kelly-marshall/DriftDiffusionAdaptation/blob/main/AudioFiles/modbias_list1_training/whodidnotdoit.mp3?raw=true
9,Training,23,Tom felt the buffalo with the pillow,felt,buffalo,pillow,Sentence,1,ModControl,11,tombuffalopillow_nopauses.mp3,tombuffalopillowmodleft.png,tombuffalopillowinstright.png,tombuffalopillowinstright.png,tombuffalopillowmodleft.png,2,inst,mod,L,R,541,2299,0.091039999,https://github.com/kelly-marshall/DriftDiffusionAdaptation/blob/main/Pictures/modbias_list1_training/tombuffalopillowinstright.png?raw=true,https://github.com/kelly-marshall/DriftDiffusionAdaptation/blob/main/Pictures/modbias_list1_training/tombuffalopillowmodleft.png?raw=true,https://github.com/kelly-marshall/DriftDiffusionAdaptation/blob/main/AudioFiles/modbias_list1_training/tombuffalopillow_nopauses.mp3?raw=true
10,Training,23,Who did it?,felt,NA,NA,Question_Control,1,ModControl,,whodidit.mp3,tom.png,kate.png,kate.png,tom.png,2,incongruent,congruent,NA,NA,1,650,0.091039999,https://github.com/kelly-marshall/DriftDiffusionAdaptation/blob/main/Pictures/modbias_list1_training/kate.png?raw=true,https://github.com/kelly-marshall/DriftDiffusionAdaptation/blob/main/Pictures/modbias_list1_training/tom.png?raw=true,https://github.com/kelly-marshall/DriftDiffusionAdaptation/blob/main/AudioFiles/modbias_list1_training/whodidit.mp3?raw=true
11,Training,13,Tom felt the dolphin with the leaf,felt,dolphin,leaf,Sentence,1,ModControl,1,tomdolphinleaf_nopauses.mp3,tomdolphinleafmodleft.png,tomdolphinleafinstright.png,tomdolphinleafinstright.png,tomdolphinleafmodleft.png,2,inst,mod,L,R,513,2187,0.091745293,https://github.com/kelly-marshall/DriftDiffusionAdaptation/blob/main/Pictures/modbias_list1_training/tomdolphinleafinstright.png?raw=true,https://github.com/kelly-marshall/DriftDiffusionAdaptation/blob/main/Pictures/modbias_list1_training/tomdolphinleafmodleft.png?raw=true,https://github.com/kelly-marshall/DriftDiffusionAdaptation/blob/main/AudioFiles/modbias_list1_training/tomdolphinleaf_nopauses.mp3?raw=true
12,Training,13,Who did it?,felt,NA,NA,Question_Control,1,ModControl,,whodidit.mp3,tom.png,kate.png,tom.png,kate.png,1,congruent,incongruent,NA,NA,1,650,0.091745293,https://github.com/kelly-marshall/DriftDiffusionAdaptation/blob/main/Pictures/modbias_list1_training/tom.png?raw=true,https://github.com/kelly-marshall/DriftDiffusionAdaptation/blob/main/Pictures/modbias_list1_training/kate.png?raw=true,https://github.com/kelly-marshall/DriftDiffusionAdaptation/blob/main/AudioFiles/modbias_list1_training/whodidit.mp3?raw=true
13,Training,61,Tom inspected the dolphin with the stick,inspected,dolphin,stick,Sentence,1,ModControl,1,tomdolphinstick_nopauses.mp3,tomdolphinstickmodleft.png,tomdolphinstickinstright.png,tomdolphinstickinstright.png,tomdolphinstickmodleft.png,2,inst,mod,L,R,556,2981,0.095465466,https://github.com/kelly-marshall/DriftDiffusionAdaptation/blob/main/Pictures/modbias_list1_training/tomdolphinstickinstright.png?raw=true,https://github.com/kelly-marshall/DriftDiffusionAdaptation/blob/main/Pictures/modbias_list1_training/tomdolphinstickmodleft.png?raw=true,https://github.com/kelly-marshall/DriftDiffusionAdaptation/blob/main/AudioFiles/modbias_list1_training/tomdolphinstick_nopauses.mp3?raw=true
14,Training,61,Who did it?,inspected,NA,NA,Question_Control,1,ModControl,,whodidit.mp3,tom.png,kate.png,tom.png,kate.png,1,congruent,incongruent,NA,NA,1,650,0.095465466,https://github.com/kelly-marshall/DriftDiffusionAdaptation/blob/main/Pictures/modbias_list1_training/tom.png?raw=true,https://github.com/kelly-marshall/DriftDiffusionAdaptation/blob/main/Pictures/modbias_list1_training/kate.png?raw=true,https://github.com/kelly-marshall/DriftDiffusionAdaptation/blob/main/AudioFiles/modbias_list1_training/whodidit.mp3?raw=true
15,Training,35,Tom moved the buffalo with the pan,moved,buffalo,pan,Sentence,1,ModControl,11,tombuffalopan_nopauses.mp3,tombuffalopanmodright.png,tombuffalopaninstleft.png,tombuffalopanmodright.png,tombuffalopaninstleft.png,1,mod,inst,R,L,521,2486,0.111828021,https://github.com/kelly-marshall/DriftDiffusionAdaptation/blob/main/Pictures/modbias_list1_training/tombuffalopanmodright.png?raw=true,https://github.com/kelly-marshall/DriftDiffusionAdaptation/blob/main/Pictures/modbias_list1_training/tombuffalopaninstleft.png?raw=true,https://github.com/kelly-marshall/DriftDiffusionAdaptation/blob/main/AudioFiles/modbias_list1_training/tombuffalopan_nopauses.mp3?raw=true
16,Training,35,Who did not do it?,moved,NA,NA,Question_Control,1,ModControl,,whodidnotdoit.mp3,kate.png,tom.png,tom.png,kate.png,2,incongruent,congruent,NA,NA,1,1498,0.111828021,https://github.com/kelly-marshall/DriftDiffusionAdaptation/blob/main/Pictures/modbias_list1_training/kate.png?raw=true,https://github.com/kelly-marshall/DriftDiffusionAdaptation/blob/main/Pictures/modbias_list1_training/tom.png?raw=true,https://github.com/kelly-marshall/DriftDiffusionAdaptation/blob/main/AudioFiles/modbias_list1_training/whodidnotdoit.mp3?raw=true
17,Training,54,Kate glanced at the turtle with the jewel,glanced at,turtle,jewel,Sentence,1,ModControl,6,kateturtlejewel_nopauses.mp3,kateturtlejewelmodleft.png,kateturtlejewelinstright.png,kateturtlejewelinstright.png,kateturtlejewelmodleft.png,2,inst,mod,L,R,355,2674,0.140213846,https://github.com/kelly-marshall/DriftDiffusionAdaptation/blob/main/Pictures/modbias_list1_training/kateturtlejewelinstright.png?raw=true,https://github.com/kelly-marshall/DriftDiffusionAdaptation/blob/main/Pictures/modbias_list1_training/kateturtlejewelmodleft.png?raw=true,https://github.com/kelly-marshall/DriftDiffusionAdaptation/blob/main/AudioFiles/modbias_list1_training/kateturtlejewel_nopauses.mp3?raw=true
18,Training,54,Who did it?,glanced at,NA,NA,Question_Control,1,ModControl,,whodidit.mp3,kate.png,tom.png,kate.png,tom.png,1,congruent,incongruent,NA,NA,1,650,0.140213846,https://github.com/kelly-marshall/DriftDiffusionAdaptation/blob/main/Pictures/modbias_list1_training/kate.png?raw=true,https://github.com/kelly-marshall/DriftDiffusionAdaptation/blob/main/Pictures/modbias_list1_training/tom.png?raw=true,https://github.com/kelly-marshall/DriftDiffusionAdaptation/blob/main/AudioFiles/modbias_list1_training/whodidit.mp3?raw=true
19,Training,57,Tom glanced at the whale with the crystal,glanced at,whale,crystal,Sentence,1,ModControl,9,tomwhalecrystal_nopauses.mp3,tomwhalecrystalmodright.png,tomwhalecrystalinstleft.png,tomwhalecrystalmodright.png,tomwhalecrystalinstleft.png,1,mod,inst,R,L,557,2915,0.145499734,https://github.com/kelly-marshall/DriftDiffusionAdaptation/blob/main/Pictures/modbias_list1_training/tomwhalecrystalmodright.png?raw=true,https://github.com/kelly-marshall/DriftDiffusionAdaptation/blob/main/Pictures/modbias_list1_training/tomwhalecrystalinstleft.png?raw=true,https://github.com/kelly-marshall/DriftDiffusionAdaptation/blob/main/AudioFiles/modbias_list1_training/tomwhalecrystal_nopauses.mp3?raw=true
20,Training,57,Who did it?,glanced at,NA,NA,Question_Control,1,ModControl,,whodidit.mp3,tom.png,kate.png,tom.png,kate.png,1,congruent,incongruent,NA,NA,1,650,0.145499734,https://github.com/kelly-marshall/DriftDiffusionAdaptation/blob/main/Pictures/modbias_list1_training/tom.png?raw=true,https://github.com/kelly-marshall/DriftDiffusionAdaptation/blob/main/Pictures/modbias_list1_training/kate.png?raw=true,https://github.com/kelly-marshall/DriftDiffusionAdaptation/blob/main/AudioFiles/modbias_list1_training/whodidit.mp3?raw=true
21,Training,72,Kate inspected the hawk with the chopsticks,inspected,hawk,chopsticks,Sentence,1,ModControl,12,katehawkchopsticks_nopauses.mp3,katehawkchopsticksmodright.png,katehawkchopsticksinstleft.png,katehawkchopsticksmodright.png,katehawkchopsticksinstleft.png,1,mod,inst,R,L,412,3037,0.17607535,https://github.com/kelly-marshall/DriftDiffusionAdaptation/blob/main/Pictures/modbias_list1_training/katehawkchopsticksmodright.png?raw=true,https://github.com/kelly-marshall/DriftDiffusionAdaptation/blob/main/Pictures/modbias_list1_training/katehawkchopsticksinstleft.png?raw=true,https://github.com/kelly-marshall/DriftDiffusionAdaptation/blob/main/AudioFiles/modbias_list1_training/katehawkchopsticks_nopauses.mp3?raw=true
22,Training,72,Who did it?,inspected,NA,NA,Question_Control,1,ModControl,,whodidit.mp3,kate.png,tom.png,tom.png,kate.png,2,incongruent,congruent,NA,NA,1,650,0.17607535,https://github.com/kelly-marshall/DriftDiffusionAdaptation/blob/main/Pictures/modbias_list1_training/tom.png?raw=true,https://github.com/kelly-marshall/DriftDiffusionAdaptation/blob/main/Pictures/modbias_list1_training/kate.png?raw=true,https://github.com/kelly-marshall/DriftDiffusionAdaptation/blob/main/AudioFiles/modbias_list1_training/whodidit.mp3?raw=true
23,Training,21,Tom felt the whale with the pillow,felt,whale,pillow,Sentence,1,ModControl,9,tomwhalepillow_nopauses.mp3,tomwhalepillowmodleft.png,tomwhalepillowinstright.png,tomwhalepillowinstright.png,tomwhalepillowmodleft.png,2,inst,mod,L,R,514,2198,0.178933704,https://github.com/kelly-marshall/DriftDiffusionAdaptation/blob/main/Pictures/modbias_list1_training/tomwhalepillowinstright.png?raw=true,https://github.com/kelly-marshall/DriftDiffusionAdaptation/blob/main/Pictures/modbias_list1_training/tomwhalepillowmodleft.png?raw=true,https://github.com/kelly-marshall/DriftDiffusionAdaptation/blob/main/AudioFiles/modbias_list1_training/tomwhalepillow_nopauses.mp3?raw=true
24,Training,21,Who did it?,felt,NA,NA,Question_Control,1,ModControl,,whodidit.mp3,tom.png,kate.png,tom.png,kate.png,1,congruent,incongruent,NA,NA,1,650,0.178933704,https://github.com/kelly-marshall/DriftDiffusionAdaptation/blob/main/Pictures/modbias_list1_training/tom.png?raw=true,https://github.com/kelly-marshall/DriftDiffusionAdaptation/blob/main/Pictures/modbias_list1_training/kate.png?raw=true,https://github.com/kelly-marshall/DriftDiffusionAdaptation/blob/main/AudioFiles/modbias_list1_training/whodidit.mp3?raw=true
25,Training,22,Kate felt the gorilla with the pillow,felt,gorilla,pillow,Sentence,1,ModControl,10,kategorillapillow_nopauses.mp3,kategorillapillowmodright.png,kategorillapillowinstleft.png,kategorillapillowmodright.png,kategorillapillowinstleft.png,1,mod,inst,R,L,370,2205,0.186575938,https://github.com/kelly-marshall/DriftDiffusionAdaptation/blob/main/Pictures/modbias_list1_training/kategorillapillowmodright.png?raw=true,https://github.com/kelly-marshall/DriftDiffusionAdaptation/blob/main/Pictures/modbias_list1_training/kategorillapillowinstleft.png?raw=true,https://github.com/kelly-marshall/DriftDiffusionAdaptation/blob/main/AudioFiles/modbias_list1_training/kategorillapillow_nopauses.mp3?raw=true
26,Training,22,Who did not do it?,felt,NA,NA,Question_Control,1,ModControl,,whodidnotdoit.mp3,tom.png,kate.png,tom.png,kate.png,1,congruent,incongruent,NA,NA,1,1498,0.186575938,https://github.com/kelly-marshall/DriftDiffusionAdaptation/blob/main/Pictures/modbias_list1_training/kate.png?raw=true,https://github.com/kelly-marshall/DriftDiffusionAdaptation/blob/main/Pictures/modbias_list1_training/tom.png?raw=true,https://github.com/kelly-marshall/DriftDiffusionAdaptation/blob/main/AudioFiles/modbias_list1_training/whodidnotdoit.mp3?raw=true
27,Training,36,Kate moved the hawk with the pan,moved,hawk,pan,Sentence,1,ModControl,12,katehawkpan_nopauses.mp3,katehawkpanmodleft.png,katehawkpaninstright.png,katehawkpaninstright.png,katehawkpanmodleft.png,2,inst,mod,L,R,369,2241,0.200821977,https://github.com/kelly-marshall/DriftDiffusionAdaptation/blob/main/Pictures/modbias_list1_training/katehawkpaninstright.png?raw=true,https://github.com/kelly-marshall/DriftDiffusionAdaptation/blob/main/Pictures/modbias_list1_training/katehawkpanmodleft.png?raw=true,https://github.com/kelly-marshall/DriftDiffusionAdaptation/blob/main/AudioFiles/modbias_list1_training/katehawkpan_nopauses.mp3?raw=true
28,Training,36,Who did not do it?,moved,NA,NA,Question_Control,1,ModControl,,whodidnotdoit.mp3,tom.png,kate.png,kate.png,tom.png,2,incongruent,congruent,NA,NA,1,1498,0.200821977,https://github.com/kelly-marshall/DriftDiffusionAdaptation/blob/main/Pictures/modbias_list1_training/tom.png?raw=true,https://github.com/kelly-marshall/DriftDiffusionAdaptation/blob/main/Pictures/modbias_list1_training/kate.png?raw=true,https://github.com/kelly-marshall/DriftDiffusionAdaptation/blob/main/AudioFiles/modbias_list1_training/whodidnotdoit.mp3?raw=true
29,Training,12,Kate located the hawk with the feather,located,hawk,feather,Sentence,1,ModControl,12,katehawkfeather_nopauses.mp3,katehawkfeathermodleft.png,katehawkfeatherinstright.png,katehawkfeatherinstright.png,katehawkfeathermodleft.png,2,inst,mod,L,R,381,2483,0.207332539,https://github.com/kelly-marshall/DriftDiffusionAdaptation/blob/main/Pictures/modbias_list1_training/katehawkfeatherinstright.png?raw=true,https://github.com/kelly-marshall/DriftDiffusionAdaptation/blob/main/Pictures/modbias_list1_training/katehawkfeathermodleft.png?raw=true,https://github.com/kelly-marshall/DriftDiffusionAdaptation/blob/main/AudioFiles/modbias_list1_training/katehawkfeather_nopauses.mp3?raw=true
30,Training,12,"Who did it?	",located,NA,NA,Question_Control,1,ModControl,,whodidit.mp3,kate.png,tom.png,tom.png,kate.png,2,incongruent,congruent,NA,NA,1,650,0.207332539,https://github.com/kelly-marshall/DriftDiffusionAdaptation/blob/main/Pictures/modbias_list1_training/tom.png?raw=true,https://github.com/kelly-marshall/DriftDiffusionAdaptation/blob/main/Pictures/modbias_list1_training/kate.png?raw=true,https://github.com/kelly-marshall/DriftDiffusionAdaptation/blob/main/AudioFiles/modbias_list1_training/whodidit.mp3?raw=true
31,Training,44,Kate chose the girl with the sticky note,chose,girl,sticky note,Sentence,1,ModControl,8,kategirlstickynote_nopauses.mp3,kategirlstickynotemodright.png,kategirlstickynoteinstleft.png,kategirlstickynotemodright.png,kategirlstickynoteinstleft.png,1,mod,inst,R,L,377,2475,0.209909172,https://github.com/kelly-marshall/DriftDiffusionAdaptation/blob/main/Pictures/modbias_list1_training/kategirlstickynotemodright.png?raw=true,https://github.com/kelly-marshall/DriftDiffusionAdaptation/blob/main/Pictures/modbias_list1_training/kategirlstickynoteinstleft.png?raw=true,https://github.com/kelly-marshall/DriftDiffusionAdaptation/blob/main/AudioFiles/modbias_list1_training/kategirlstickynote_nopauses.mp3?raw=true
32,Training,44,Who did it?,chose,NA,NA,Question_Control,1,ModControl,,whodidit.mp3,kate.png,tom.png,tom.png,kate.png,2,incongruent,congruent,NA,NA,1,650,0.209909172,https://github.com/kelly-marshall/DriftDiffusionAdaptation/blob/main/Pictures/modbias_list1_training/tom.png?raw=true,https://github.com/kelly-marshall/DriftDiffusionAdaptation/blob/main/Pictures/modbias_list1_training/kate.png?raw=true,https://github.com/kelly-marshall/DriftDiffusionAdaptation/blob/main/AudioFiles/modbias_list1_training/whodidit.mp3?raw=true
33,Training,17,Tom felt the frog with the leaf,felt,frog,leaf,Sentence,1,ModControl,5,tomfrogleaf_nopauses.mp3,tomfrogleafmodleft.png,tomfrogleafinstright.png,tomfrogleafinstright.png,tomfrogleafmodleft.png,2,inst,mod,L,R,443,1874,0.225484336,https://github.com/kelly-marshall/DriftDiffusionAdaptation/blob/main/Pictures/modbias_list1_training/tomfrogleafinstright.png?raw=true,https://github.com/kelly-marshall/DriftDiffusionAdaptation/blob/main/Pictures/modbias_list1_training/tomfrogleafmodleft.png?raw=true,https://github.com/kelly-marshall/DriftDiffusionAdaptation/blob/main/AudioFiles/modbias_list1_training/tomfrogleaf_nopauses.mp3?raw=true
34,Training,17,Who did it?,felt,NA,NA,Question_Control,1,ModControl,,whodidit.mp3,tom.png,kate.png,tom.png,kate.png,1,congruent,incongruent,NA,NA,1,650,0.225484336,https://github.com/kelly-marshall/DriftDiffusionAdaptation/blob/main/Pictures/modbias_list1_training/tom.png?raw=true,https://github.com/kelly-marshall/DriftDiffusionAdaptation/blob/main/Pictures/modbias_list1_training/kate.png?raw=true,https://github.com/kelly-marshall/DriftDiffusionAdaptation/blob/main/AudioFiles/modbias_list1_training/whodidit.mp3?raw=true
35,Training,64,Kate inspected the lion with the stick,inspected,lion,stick,Sentence,1,ModControl,4,katelionstick_nopauses.mp3,katelionstickmodright.png,katelionstickinstleft.png,katelionstickmodright.png,katelionstickinstleft.png,1,mod,inst,R,L,375,2737,0.241092248,https://github.com/kelly-marshall/DriftDiffusionAdaptation/blob/main/Pictures/modbias_list1_training/katelionstickmodright.png?raw=true,https://github.com/kelly-marshall/DriftDiffusionAdaptation/blob/main/Pictures/modbias_list1_training/katelionstickinstleft.png?raw=true,https://github.com/kelly-marshall/DriftDiffusionAdaptation/blob/main/AudioFiles/modbias_list1_training/katelionstick_nopauses.mp3?raw=true
36,Training,64,Who did it?,inspected,NA,NA,Question_Control,1,ModControl,,whodidit.mp3,kate.png,tom.png,tom.png,kate.png,2,incongruent,congruent,NA,NA,1,650,0.241092248,https://github.com/kelly-marshall/DriftDiffusionAdaptation/blob/main/Pictures/modbias_list1_training/tom.png?raw=true,https://github.com/kelly-marshall/DriftDiffusionAdaptation/blob/main/Pictures/modbias_list1_training/kate.png?raw=true,https://github.com/kelly-marshall/DriftDiffusionAdaptation/blob/main/AudioFiles/modbias_list1_training/whodidit.mp3?raw=true
37,Training,18,Kate felt the turtle with the leaf,felt,turtle,leaf,Sentence,1,ModControl,6,kateturtleleaf_nopauses.mp3,kateturtleleafmodright.png,kateturtleleafinstleft.png,kateturtleleafmodright.png,kateturtleleafinstleft.png,1,mod,inst,R,L,417,1970,0.271329007,https://github.com/kelly-marshall/DriftDiffusionAdaptation/blob/main/Pictures/modbias_list1_training/kateturtleleafmodright.png?raw=true,https://github.com/kelly-marshall/DriftDiffusionAdaptation/blob/main/Pictures/modbias_list1_training/kateturtleleafinstleft.png?raw=true,https://github.com/kelly-marshall/DriftDiffusionAdaptation/blob/main/AudioFiles/modbias_list1_training/kateturtleleaf_nopauses.mp3?raw=true
38,Training,18,Who did it?,felt,NA,NA,Question_Control,1,ModControl,,whodidit.mp3,kate.png,tom.png,kate.png,tom.png,1,congruent,incongruent,NA,NA,1,650,0.271329007,https://github.com/kelly-marshall/DriftDiffusionAdaptation/blob/main/Pictures/modbias_list1_training/kate.png?raw=true,https://github.com/kelly-marshall/DriftDiffusionAdaptation/blob/main/Pictures/modbias_list1_training/tom.png?raw=true,https://github.com/kelly-marshall/DriftDiffusionAdaptation/blob/main/AudioFiles/modbias_list1_training/whodidit.mp3?raw=true
39,Training,59,Tom glanced at the buffalo with the crystal,glanced at,buffalo,crystal,Sentence,1,ModControl,11,tombuffalocrystal_nopauses.mp3,tombuffalocrystalmodright.png,tombuffalocrystalinstleft.png,tombuffalocrystalmodright.png,tombuffalocrystalinstleft.png,1,mod,inst,R,L,583,2975,0.281163828,https://github.com/kelly-marshall/DriftDiffusionAdaptation/blob/main/Pictures/modbias_list1_training/tombuffalocrystalmodright.png?raw=true,https://github.com/kelly-marshall/DriftDiffusionAdaptation/blob/main/Pictures/modbias_list1_training/tombuffalocrystalinstleft.png?raw=true,https://github.com/kelly-marshall/DriftDiffusionAdaptation/blob/main/AudioFiles/modbias_list1_training/tombuffalocrystal_nopauses.mp3?raw=true
40,Training,59,Who did it?,glanced at,NA,NA,Question_Control,1,ModControl,,whodidit.mp3,tom.png,kate.png,kate.png,tom.png,2,incongruent,congruent,NA,NA,1,650,0.281163828,https://github.com/kelly-marshall/DriftDiffusionAdaptation/blob/main/Pictures/modbias_list1_training/kate.png?raw=true,https://github.com/kelly-marshall/DriftDiffusionAdaptation/blob/main/Pictures/modbias_list1_training/tom.png?raw=true,https://github.com/kelly-marshall/DriftDiffusionAdaptation/blob/main/AudioFiles/modbias_list1_training/whodidit.mp3?raw=true
41,Training,58,Kate glanced at the gorilla with the crystal,glanced at,gorilla,crystal,Sentence,1,ModControl,10,kategorillacrystal_nopauses.mp3,kategorillacrystalmodleft.png,kategorillacrystalinstright.png,kategorillacrystalinstright.png,kategorillacrystalmodleft.png,2,inst,mod,L,R,391,3039,0.296956566,https://github.com/kelly-marshall/DriftDiffusionAdaptation/blob/main/Pictures/modbias_list1_training/kategorillacrystalinstright.png?raw=true,https://github.com/kelly-marshall/DriftDiffusionAdaptation/blob/main/Pictures/modbias_list1_training/kategorillacrystalmodleft.png?raw=true,https://github.com/kelly-marshall/DriftDiffusionAdaptation/blob/main/AudioFiles/modbias_list1_training/kategorillacrystal_nopauses.mp3?raw=true
42,Training,58,Who did it?,glanced at,NA,NA,Question_Control,1,ModControl,,whodidit.mp3,kate.png,tom.png,kate.png,tom.png,1,congruent,incongruent,NA,NA,1,650,0.296956566,https://github.com/kelly-marshall/DriftDiffusionAdaptation/blob/main/Pictures/modbias_list1_training/kate.png?raw=true,https://github.com/kelly-marshall/DriftDiffusionAdaptation/blob/main/Pictures/modbias_list1_training/tom.png?raw=true,https://github.com/kelly-marshall/DriftDiffusionAdaptation/blob/main/AudioFiles/modbias_list1_training/whodidit.mp3?raw=true
43,Training,14,Kate felt the cow with the leaf,felt,cow,leaf,Sentence,1,ModControl,2,katecowleaf_nopauses.mp3,katecowleafmodright.png,katecowleafinstleft.png,katecowleafmodright.png,katecowleafinstleft.png,1,mod,inst,R,L,353,1969,0.305080213,https://github.com/kelly-marshall/DriftDiffusionAdaptation/blob/main/Pictures/modbias_list1_training/katecowleafmodright.png?raw=true,https://github.com/kelly-marshall/DriftDiffusionAdaptation/blob/main/Pictures/modbias_list1_training/katecowleafinstleft.png?raw=true,https://github.com/kelly-marshall/DriftDiffusionAdaptation/blob/main/AudioFiles/modbias_list1_training/katecowleaf_nopauses.mp3?raw=true
44,Training,14,Who did it?,felt,NA,NA,Question_Control,1,ModControl,,whodidit.mp3,kate.png,tom.png,kate.png,tom.png,1,congruent,incongruent,NA,NA,1,650,0.305080213,https://github.com/kelly-marshall/DriftDiffusionAdaptation/blob/main/Pictures/modbias_list1_training/kate.png?raw=true,https://github.com/kelly-marshall/DriftDiffusionAdaptation/blob/main/Pictures/modbias_list1_training/tom.png?raw=true,https://github.com/kelly-marshall/DriftDiffusionAdaptation/blob/main/AudioFiles/modbias_list1_training/whodidit.mp3?raw=true
45,Training,24,Kate felt the hawk with the pillow,felt,hawk,pillow,Sentence,1,ModControl,12,katehawkpillow_nopauses.mp3,katehawkpillowmodright.png,katehawkpillowinstleft.png,katehawkpillowmodright.png,katehawkpillowinstleft.png,1,mod,inst,R,L,365,1903,0.332719668,https://github.com/kelly-marshall/DriftDiffusionAdaptation/blob/main/Pictures/modbias_list1_training/katehawkpillowmodright.png?raw=true,https://github.com/kelly-marshall/DriftDiffusionAdaptation/blob/main/Pictures/modbias_list1_training/katehawkpillowinstleft.png?raw=true,https://github.com/kelly-marshall/DriftDiffusionAdaptation/blob/main/AudioFiles/modbias_list1_training/katehawkpillow_nopauses.mp3?raw=true
46,Training,24,Who did it?,felt,NA,NA,Question_Control,1,ModControl,,whodidit.mp3,kate.png,tom.png,tom.png,kate.png,2,incongruent,congruent,NA,NA,1,650,0.332719668,https://github.com/kelly-marshall/DriftDiffusionAdaptation/blob/main/Pictures/modbias_list1_training/tom.png?raw=true,https://github.com/kelly-marshall/DriftDiffusionAdaptation/blob/main/Pictures/modbias_list1_training/kate.png?raw=true,https://github.com/kelly-marshall/DriftDiffusionAdaptation/blob/main/AudioFiles/modbias_list1_training/whodidit.mp3?raw=true
47,Training,33,Tom moved the whale with the pan,moved,whale,pan,Sentence,1,ModControl,9,tomwhalepan_nopauses.mp3,tomwhalepanmodright.png,tomwhalepaninstleft.png,tomwhalepanmodright.png,tomwhalepaninstleft.png,1,mod,inst,R,L,512,2374,0.351688928,https://github.com/kelly-marshall/DriftDiffusionAdaptation/blob/main/Pictures/modbias_list1_training/tomwhalepanmodright.png?raw=true,https://github.com/kelly-marshall/DriftDiffusionAdaptation/blob/main/Pictures/modbias_list1_training/tomwhalepaninstleft.png?raw=true,https://github.com/kelly-marshall/DriftDiffusionAdaptation/blob/main/AudioFiles/modbias_list1_training/tomwhalepan_nopauses.mp3?raw=true
48,Training,33,Who did it?,moved,NA,NA,Question_Control,1,ModControl,,whodidit.mp3,tom.png,kate.png,tom.png,kate.png,1,congruent,incongruent,NA,NA,1,650,0.351688928,https://github.com/kelly-marshall/DriftDiffusionAdaptation/blob/main/Pictures/modbias_list1_training/tom.png?raw=true,https://github.com/kelly-marshall/DriftDiffusionAdaptation/blob/main/Pictures/modbias_list1_training/kate.png?raw=true,https://github.com/kelly-marshall/DriftDiffusionAdaptation/blob/main/AudioFiles/modbias_list1_training/whodidit.mp3?raw=true
49,Training,4,Kate located the lion with the grass,located,lion,grass,Sentence,1,ModControl,4,kateliongrass_nopauses.mp3,kateliongrassmodleft.png,kateliongrassinstright.png,kateliongrassinstright.png,kateliongrassmodleft.png,2,inst,mod,L,R,411,2687,0.354538744,https://github.com/kelly-marshall/DriftDiffusionAdaptation/blob/main/Pictures/modbias_list1_training/kateliongrassinstright.png?raw=true,https://github.com/kelly-marshall/DriftDiffusionAdaptation/blob/main/Pictures/modbias_list1_training/kateliongrassmodleft.png?raw=true,https://github.com/kelly-marshall/DriftDiffusionAdaptation/blob/main/AudioFiles/modbias_list1_training/kateliongrass_nopauses.mp3?raw=true
50,Training,4,Who did it?,located,NA,NA,Question_Control,1,ModControl,,whodidit.mp3,kate.png,tom.png,tom.png,kate.png,2,incongruent,congruent,NA,NA,1,650,0.354538744,https://github.com/kelly-marshall/DriftDiffusionAdaptation/blob/main/Pictures/modbias_list1_training/tom.png?raw=true,https://github.com/kelly-marshall/DriftDiffusionAdaptation/blob/main/Pictures/modbias_list1_training/kate.png?raw=true,https://github.com/kelly-marshall/DriftDiffusionAdaptation/blob/main/AudioFiles/modbias_list1_training/whodidit.mp3?raw=true
51,Training,71,Tom inspected the buffalo with the chopsticks,inspected,buffalo,chopsticks,Sentence,1,ModControl,11,tombuffalochopsticks_nopauses.mp3,tombuffalochopsticksmodleft.png,tombuffalochopsticksinstright.png,tombuffalochopsticksinstright.png,tombuffalochopsticksmodleft.png,2,inst,mod,L,R,587,3362,0.363993748,https://github.com/kelly-marshall/DriftDiffusionAdaptation/blob/main/Pictures/modbias_list1_training/tombuffalochopsticksinstright.png?raw=true,https://github.com/kelly-marshall/DriftDiffusionAdaptation/blob/main/Pictures/modbias_list1_training/tombuffalochopsticksmodleft.png?raw=true,https://github.com/kelly-marshall/DriftDiffusionAdaptation/blob/main/AudioFiles/modbias_list1_training/tombuffalochopsticks_nopauses.mp3?raw=true
52,Training,71,Who did it?,inspected,NA,NA,Question_Control,1,ModControl,,whodidit.mp3,tom.png,kate.png,kate.png,tom.png,2,incongruent,congruent,NA,NA,1,650,0.363993748,https://github.com/kelly-marshall/DriftDiffusionAdaptation/blob/main/Pictures/modbias_list1_training/kate.png?raw=true,https://github.com/kelly-marshall/DriftDiffusionAdaptation/blob/main/Pictures/modbias_list1_training/tom.png?raw=true,https://github.com/kelly-marshall/DriftDiffusionAdaptation/blob/main/AudioFiles/modbias_list1_training/whodidit.mp3?raw=true
53,Training,69,Tom inspected the whale with the chopsticks,inspected,whale,chopsticks,Sentence,1,ModControl,9,tomwhalechopsticks_nopauses.mp3,tomwhalechopsticksmodleft.png,tomwhalechopsticksinstright.png,tomwhalechopsticksinstright.png,tomwhalechopsticksmodleft.png,2,inst,mod,L,R,567,3232,0.405146026,https://github.com/kelly-marshall/DriftDiffusionAdaptation/blob/main/Pictures/modbias_list1_training/tomwhalechopsticksinstright.png?raw=true,https://github.com/kelly-marshall/DriftDiffusionAdaptation/blob/main/Pictures/modbias_list1_training/tomwhalechopsticksmodleft.png?raw=true,https://github.com/kelly-marshall/DriftDiffusionAdaptation/blob/main/AudioFiles/modbias_list1_training/tomwhalechopsticks_nopauses.mp3?raw=true
54,Training,69,Who did it?,inspected,NA,NA,Question_Control,1,ModControl,,whodidit.mp3,tom.png,kate.png,tom.png,kate.png,1,congruent,incongruent,NA,NA,1,650,0.405146026,https://github.com/kelly-marshall/DriftDiffusionAdaptation/blob/main/Pictures/modbias_list1_training/tom.png?raw=true,https://github.com/kelly-marshall/DriftDiffusionAdaptation/blob/main/Pictures/modbias_list1_training/kate.png?raw=true,https://github.com/kelly-marshall/DriftDiffusionAdaptation/blob/main/AudioFiles/modbias_list1_training/whodidit.mp3?raw=true
55,Training,65,Tom inspected the frog with the stick,inspected,frog,stick,Sentence,1,ModControl,5,tomfrogstick_nopauses.mp3,tomfrogstickmodleft.png,tomfrogstickinstright.png,tomfrogstickinstright.png,tomfrogstickmodleft.png,2,inst,mod,L,R,557,2964,0.466499555,https://github.com/kelly-marshall/DriftDiffusionAdaptation/blob/main/Pictures/modbias_list1_training/tomfrogstickinstright.png?raw=true,https://github.com/kelly-marshall/DriftDiffusionAdaptation/blob/main/Pictures/modbias_list1_training/tomfrogstickmodleft.png?raw=true,https://github.com/kelly-marshall/DriftDiffusionAdaptation/blob/main/AudioFiles/modbias_list1_training/tomfrogstick_nopauses.mp3?raw=true
56,Training,65,Who did it?,inspected,NA,NA,Question_Control,1,ModControl,,whodidit.mp3,tom.png,kate.png,tom.png,kate.png,1,congruent,incongruent,NA,NA,1,650,0.466499555,https://github.com/kelly-marshall/DriftDiffusionAdaptation/blob/main/Pictures/modbias_list1_training/tom.png?raw=true,https://github.com/kelly-marshall/DriftDiffusionAdaptation/blob/main/Pictures/modbias_list1_training/kate.png?raw=true,https://github.com/kelly-marshall/DriftDiffusionAdaptation/blob/main/AudioFiles/modbias_list1_training/whodidit.mp3?raw=true
57,Training,37,Tom chose the dolphin with the tape,chose,dolphin,tape,Sentence,1,ModControl,1,tomdolphintape_nopauses.mp3,tomdolphintapemodleft.png,tomdolphintapeinstright.png,tomdolphintapeinstright.png,tomdolphintapemodleft.png,2,inst,mod,L,R,527,2361,0.483554177,https://github.com/kelly-marshall/DriftDiffusionAdaptation/blob/main/Pictures/modbias_list1_training/tomdolphintapeinstright.png?raw=true,https://github.com/kelly-marshall/DriftDiffusionAdaptation/blob/main/Pictures/modbias_list1_training/tomdolphintapemodleft.png?raw=true,https://github.com/kelly-marshall/DriftDiffusionAdaptation/blob/main/AudioFiles/modbias_list1_training/tomdolphintape_nopauses.mp3?raw=true
58,Training,37,Who did it?,chose,NA,NA,Question_Control,1,ModControl,,whodidit.mp3,tom.png,kate.png,tom.png,kate.png,1,congruent,incongruent,NA,NA,1,650,0.483554177,https://github.com/kelly-marshall/DriftDiffusionAdaptation/blob/main/Pictures/modbias_list1_training/tom.png?raw=true,https://github.com/kelly-marshall/DriftDiffusionAdaptation/blob/main/Pictures/modbias_list1_training/kate.png?raw=true,https://github.com/kelly-marshall/DriftDiffusionAdaptation/blob/main/AudioFiles/modbias_list1_training/whodidit.mp3?raw=true
59,Training,10,Kate located the gorilla with the feather,located,gorilla,feather,Sentence,1,ModControl,10,kategorillafeather_nopauses.mp3,kategorillafeathermodleft.png,kategorillafeatherinstright.png,kategorillafeatherinstright.png,kategorillafeathermodleft.png,2,inst,mod,L,R,343,2784,0.49139011,https://github.com/kelly-marshall/DriftDiffusionAdaptation/blob/main/Pictures/modbias_list1_training/kategorillafeatherinstright.png?raw=true,https://github.com/kelly-marshall/DriftDiffusionAdaptation/blob/main/Pictures/modbias_list1_training/kategorillafeathermodleft.png?raw=true,https://github.com/kelly-marshall/DriftDiffusionAdaptation/blob/main/AudioFiles/modbias_list1_training/kategorillafeather_nopauses.mp3?raw=true
60,Training,10,Who did it?,located,NA,NA,Question_Control,1,ModControl,,whodidit.mp3,kate.png,tom.png,kate.png,tom.png,1,congruent,incongruent,NA,NA,1,650,0.49139011,https://github.com/kelly-marshall/DriftDiffusionAdaptation/blob/main/Pictures/modbias_list1_training/kate.png?raw=true,https://github.com/kelly-marshall/DriftDiffusionAdaptation/blob/main/Pictures/modbias_list1_training/tom.png?raw=true,https://github.com/kelly-marshall/DriftDiffusionAdaptation/blob/main/AudioFiles/modbias_list1_training/whodidit.mp3?raw=true
61,Training,48,Kate chose the hawk with the sticky note,chose,hawk,sticky note,Sentence,1,ModControl,12,katehawkstickynote_nopauses.mp3,katehawkstickynotemodright.png,katehawkstickynoteinstleft.png,katehawkstickynotemodright.png,katehawkstickynoteinstleft.png,1,mod,inst,R,L,460,2482,0.494823216,https://github.com/kelly-marshall/DriftDiffusionAdaptation/blob/main/Pictures/modbias_list1_training/katehawkstickynotemodright.png?raw=true,https://github.com/kelly-marshall/DriftDiffusionAdaptation/blob/main/Pictures/modbias_list1_training/katehawkstickynoteinstleft.png?raw=true,https://github.com/kelly-marshall/DriftDiffusionAdaptation/blob/main/AudioFiles/modbias_list1_training/katehawkstickynote_nopauses.mp3?raw=true
62,Training,48,Who did it?,chose,NA,NA,Question_Control,1,ModControl,,whodidit.mp3,kate.png,tom.png,tom.png,kate.png,2,incongruent,congruent,NA,NA,1,650,0.494823216,https://github.com/kelly-marshall/DriftDiffusionAdaptation/blob/main/Pictures/modbias_list1_training/tom.png?raw=true,https://github.com/kelly-marshall/DriftDiffusionAdaptation/blob/main/Pictures/modbias_list1_training/kate.png?raw=true,https://github.com/kelly-marshall/DriftDiffusionAdaptation/blob/main/AudioFiles/modbias_list1_training/whodidit.mp3?raw=true
63,Training,66,Kate inspected the turtle with the stick,inspected,turtle,stick,Sentence,1,ModControl,6,kateturtlestick_nopauses.mp3,kateturtlestickmodright.png,kateturtlestickinstleft.png,kateturtlestickmodright.png,kateturtlestickinstleft.png,1,mod,inst,R,L,460,2893,0.509713887,https://github.com/kelly-marshall/DriftDiffusionAdaptation/blob/main/Pictures/modbias_list1_training/kateturtlestickmodright.png?raw=true,https://github.com/kelly-marshall/DriftDiffusionAdaptation/blob/main/Pictures/modbias_list1_training/kateturtlestickinstleft.png?raw=true,https://github.com/kelly-marshall/DriftDiffusionAdaptation/blob/main/AudioFiles/modbias_list1_training/kateturtlestick_nopauses.mp3?raw=true
64,Training,66,Who did it?,inspected,NA,NA,Question_Control,1,ModControl,,whodidit.mp3,kate.png,tom.png,kate.png,tom.png,1,congruent,incongruent,NA,NA,1,650,0.509713887,https://github.com/kelly-marshall/DriftDiffusionAdaptation/blob/main/Pictures/modbias_list1_training/kate.png?raw=true,https://github.com/kelly-marshall/DriftDiffusionAdaptation/blob/main/Pictures/modbias_list1_training/tom.png?raw=true,https://github.com/kelly-marshall/DriftDiffusionAdaptation/blob/main/AudioFiles/modbias_list1_training/whodidit.mp3?raw=true
65,Training,5,Tom located the frog with the grass,located,frog,grass,Sentence,1,ModControl,5,tomfroggrass_nopauses.mp3,tomfroggrassmodright.png,tomfroggrassinstleft.png,tomfroggrassmodright.png,tomfroggrassinstleft.png,1,mod,inst,R,L,567,2898,0.517134859,https://github.com/kelly-marshall/DriftDiffusionAdaptation/blob/main/Pictures/modbias_list1_training/tomfroggrassmodright.png?raw=true,https://github.com/kelly-marshall/DriftDiffusionAdaptation/blob/main/Pictures/modbias_list1_training/tomfroggrassinstleft.png?raw=true,https://github.com/kelly-marshall/DriftDiffusionAdaptation/blob/main/AudioFiles/modbias_list1_training/tomfroggrass_nopauses.mp3?raw=true
66,Training,5,Who did it?,located,NA,NA,Question_Control,1,ModControl,,whodidit.mp3,tom.png,kate.png,tom.png,kate.png,1,congruent,incongruent,NA,NA,1,650,0.517134859,https://github.com/kelly-marshall/DriftDiffusionAdaptation/blob/main/Pictures/modbias_list1_training/tom.png?raw=true,https://github.com/kelly-marshall/DriftDiffusionAdaptation/blob/main/Pictures/modbias_list1_training/kate.png?raw=true,https://github.com/kelly-marshall/DriftDiffusionAdaptation/blob/main/AudioFiles/modbias_list1_training/whodidit.mp3?raw=true
67,Training,20,Kate felt the girl with the pillow,felt,girl,pillow,Sentence,1,ModControl,8,kategirlpillow_nopauses.mp3,kategirlpillowmodright.png,kategirlpillowinstleft.png,kategirlpillowmodright.png,kategirlpillowinstleft.png,1,mod,inst,R,L,366,2006,0.569327229,https://github.com/kelly-marshall/DriftDiffusionAdaptation/blob/main/Pictures/modbias_list1_training/kategirlpillowmodright.png?raw=true,https://github.com/kelly-marshall/DriftDiffusionAdaptation/blob/main/Pictures/modbias_list1_training/kategirlpillowinstleft.png?raw=true,https://github.com/kelly-marshall/DriftDiffusionAdaptation/blob/main/AudioFiles/modbias_list1_training/kategirlpillow_nopauses.mp3?raw=true
68,Training,20,Who did it?,felt,NA,NA,Question_Control,1,ModControl,,whodidit.mp3,kate.png,tom.png,tom.png,kate.png,2,incongruent,congruent,NA,NA,1,650,0.569327229,https://github.com/kelly-marshall/DriftDiffusionAdaptation/blob/main/Pictures/modbias_list1_training/tom.png?raw=true,https://github.com/kelly-marshall/DriftDiffusionAdaptation/blob/main/Pictures/modbias_list1_training/kate.png?raw=true,https://github.com/kelly-marshall/DriftDiffusionAdaptation/blob/main/AudioFiles/modbias_list1_training/whodidit.mp3?raw=true
69,Training,47,Tom chose the buffalo with the sticky note,chose,buffalo,sticky note,Sentence,1,ModControl,11,tombuffalostickynote_nopauses.mp3,tombuffalostickynotemodleft.png,tombuffalostickynoteinstright.png,tombuffalostickynoteinstright.png,tombuffalostickynotemodleft.png,2,inst,mod,L,R,518,2732,0.570360824,https://github.com/kelly-marshall/DriftDiffusionAdaptation/blob/main/Pictures/modbias_list1_training/tombuffalostickynoteinstright.png?raw=true,https://github.com/kelly-marshall/DriftDiffusionAdaptation/blob/main/Pictures/modbias_list1_training/tombuffalostickynotemodleft.png?raw=true,https://github.com/kelly-marshall/DriftDiffusionAdaptation/blob/main/AudioFiles/modbias_list1_training/tombuffalostickynote_nopauses.mp3?raw=true
70,Training,47,Who did it?,chose,NA,NA,Question_Control,1,ModControl,,whodidit.mp3,tom.png,kate.png,kate.png,tom.png,2,incongruent,congruent,NA,NA,1,650,0.570360824,https://github.com/kelly-marshall/DriftDiffusionAdaptation/blob/main/Pictures/modbias_list1_training/kate.png?raw=true,https://github.com/kelly-marshall/DriftDiffusionAdaptation/blob/main/Pictures/modbias_list1_training/tom.png?raw=true,https://github.com/kelly-marshall/DriftDiffusionAdaptation/blob/main/AudioFiles/modbias_list1_training/whodidit.mp3?raw=true
71,Training,46,Kate chose the gorilla with the sticky note,chose,gorilla,sticky note,Sentence,1,ModControl,10,kategorillastickynote_nopauses.mp3,kategorillastickynotemodright.png,kategorillastickynoteinstleft.png,kategorillastickynotemodright.png,kategorillastickynoteinstleft.png,1,mod,inst,R,L,407,2452,0.57664443,https://github.com/kelly-marshall/DriftDiffusionAdaptation/blob/main/Pictures/modbias_list1_training/kategorillastickynotemodright.png?raw=true,https://github.com/kelly-marshall/DriftDiffusionAdaptation/blob/main/Pictures/modbias_list1_training/kategorillastickynoteinstleft.png?raw=true,https://github.com/kelly-marshall/DriftDiffusionAdaptation/blob/main/AudioFiles/modbias_list1_training/kategorillastickynote_nopauses.mp3?raw=true
72,Training,46,Who did it?,chose,NA,NA,Question_Control,1,ModControl,,whodidit.mp3,kate.png,tom.png,kate.png,tom.png,1,congruent,incongruent,NA,NA,1,650,0.57664443,https://github.com/kelly-marshall/DriftDiffusionAdaptation/blob/main/Pictures/modbias_list1_training/kate.png?raw=true,https://github.com/kelly-marshall/DriftDiffusionAdaptation/blob/main/Pictures/modbias_list1_training/tom.png?raw=true,https://github.com/kelly-marshall/DriftDiffusionAdaptation/blob/main/AudioFiles/modbias_list1_training/whodidit.mp3?raw=true
73,Training,67,Tom inspected the pig with the chopsticks,inspected,pig,chopsticks,Sentence,1,ModControl,7,tompigchopsticks_nopauses.mp3,tompigchopsticksmodleft.png,tompigchopsticksinstright.png,tompigchopsticksinstright.png,tompigchopsticksmodleft.png,2,inst,mod,L,R,574,3106,0.588275805,https://github.com/kelly-marshall/DriftDiffusionAdaptation/blob/main/Pictures/modbias_list1_training/tompigchopsticksinstright.png?raw=true,https://github.com/kelly-marshall/DriftDiffusionAdaptation/blob/main/Pictures/modbias_list1_training/tompigchopsticksmodleft.png?raw=true,https://github.com/kelly-marshall/DriftDiffusionAdaptation/blob/main/AudioFiles/modbias_list1_training/tompigchopsticks_nopauses.mp3?raw=true
74,Training,67,Who did not do it?,inspected,NA,NA,Question_Control,1,ModControl,,whodidnotdoit.mp3,kate.png,tom.png,tom.png,kate.png,2,incongruent,congruent,NA,NA,1,1498,0.588275805,https://github.com/kelly-marshall/DriftDiffusionAdaptation/blob/main/Pictures/modbias_list1_training/kate.png?raw=true,https://github.com/kelly-marshall/DriftDiffusionAdaptation/blob/main/Pictures/modbias_list1_training/tom.png?raw=true,https://github.com/kelly-marshall/DriftDiffusionAdaptation/blob/main/AudioFiles/modbias_list1_training/whodidnotdoit.mp3?raw=true
75,Training,55,Tom glanced at the pig with the crystal,glanced at,pig,crystal,Sentence,1,ModControl,7,tompigcrystal_nopauses.mp3,tompigcrystalmodright.png,tompigcrystalinstleft.png,tompigcrystalmodright.png,tompigcrystalinstleft.png,1,mod,inst,R,L,586,2807,0.604406705,https://github.com/kelly-marshall/DriftDiffusionAdaptation/blob/main/Pictures/modbias_list1_training/tompigcrystalmodright.png?raw=true,https://github.com/kelly-marshall/DriftDiffusionAdaptation/blob/main/Pictures/modbias_list1_training/tompigcrystalinstleft.png?raw=true,https://github.com/kelly-marshall/DriftDiffusionAdaptation/blob/main/AudioFiles/modbias_list1_training/tompigcrystal_nopauses.mp3?raw=true
76,Training,55,Who did not do it?,glanced at,NA,NA,Question_Control,1,ModControl,,whodidnotdoit.mp3,kate.png,tom.png,tom.png,kate.png,2,incongruent,congruent,NA,NA,1,1498,0.604406705,https://github.com/kelly-marshall/DriftDiffusionAdaptation/blob/main/Pictures/modbias_list1_training/kate.png?raw=true,https://github.com/kelly-marshall/DriftDiffusionAdaptation/blob/main/Pictures/modbias_list1_training/tom.png?raw=true,https://github.com/kelly-marshall/DriftDiffusionAdaptation/blob/main/AudioFiles/modbias_list1_training/whodidnotdoit.mp3?raw=true
77,Training,11,Tom located the buffalo with the feather,located,buffalo,feather,Sentence,1,ModControl,11,tombuffalofeather_nopauses.mp3,tombuffalofeathermodright.png,tombuffalofeatherinstleft.png,tombuffalofeathermodright.png,tombuffalofeatherinstleft.png,1,mod,inst,R,L,541,2887,0.605186099,https://github.com/kelly-marshall/DriftDiffusionAdaptation/blob/main/Pictures/modbias_list1_training/tombuffalofeathermodright.png?raw=true,https://github.com/kelly-marshall/DriftDiffusionAdaptation/blob/main/Pictures/modbias_list1_training/tombuffalofeatherinstleft.png?raw=true,https://github.com/kelly-marshall/DriftDiffusionAdaptation/blob/main/AudioFiles/modbias_list1_training/tombuffalofeather_nopauses.mp3?raw=true
78,Training,11,Who did it?,located,NA,NA,Question_Control,1,ModControl,,whodidit.mp3,tom.png,kate.png,kate.png,tom.png,2,incongruent,congruent,NA,NA,1,650,0.605186099,https://github.com/kelly-marshall/DriftDiffusionAdaptation/blob/main/Pictures/modbias_list1_training/kate.png?raw=true,https://github.com/kelly-marshall/DriftDiffusionAdaptation/blob/main/Pictures/modbias_list1_training/tom.png?raw=true,https://github.com/kelly-marshall/DriftDiffusionAdaptation/blob/main/AudioFiles/modbias_list1_training/whodidit.mp3?raw=true
79,Training,43,Tom chose the pig with the sticky note,chose,pig,sticky note,Sentence,1,ModControl,7,tompigstickynote_nopauses.mp3,tompigstickynotemodleft.png,tompigstickynoteinstright.png,tompigstickynoteinstright.png,tompigstickynotemodleft.png,2,inst,mod,L,R,537,2517,0.660834164,https://github.com/kelly-marshall/DriftDiffusionAdaptation/blob/main/Pictures/modbias_list1_training/tompigstickynoteinstright.png?raw=true,https://github.com/kelly-marshall/DriftDiffusionAdaptation/blob/main/Pictures/modbias_list1_training/tompigstickynotemodleft.png?raw=true,https://github.com/kelly-marshall/DriftDiffusionAdaptation/blob/main/AudioFiles/modbias_list1_training/tompigstickynote_nopauses.mp3?raw=true
80,Training,43,Who did it?,chose,NA,NA,Question_Control,1,ModControl,,whodidit.mp3,tom.png,kate.png,kate.png,tom.png,2,incongruent,congruent,NA,NA,1,650,0.660834164,https://github.com/kelly-marshall/DriftDiffusionAdaptation/blob/main/Pictures/modbias_list1_training/kate.png?raw=true,https://github.com/kelly-marshall/DriftDiffusionAdaptation/blob/main/Pictures/modbias_list1_training/tom.png?raw=true,https://github.com/kelly-marshall/DriftDiffusionAdaptation/blob/main/AudioFiles/modbias_list1_training/whodidit.mp3?raw=true
81,Training,19,Tom felt the pig with the pillow,felt,pig,pillow,Sentence,1,ModControl,7,tompigpillow_nopauses.mp3,tompigpillowmodleft.png,tompigpillowinstright.png,tompigpillowinstright.png,tompigpillowmodleft.png,2,inst,mod,L,R,556,2176,0.671556039,https://github.com/kelly-marshall/DriftDiffusionAdaptation/blob/main/Pictures/modbias_list1_training/tompigpillowinstright.png?raw=true,https://github.com/kelly-marshall/DriftDiffusionAdaptation/blob/main/Pictures/modbias_list1_training/tompigpillowmodleft.png?raw=true,https://github.com/kelly-marshall/DriftDiffusionAdaptation/blob/main/AudioFiles/modbias_list1_training/tompigpillow_nopauses.mp3?raw=true
82,Training,19,Who did it?,felt,NA,NA,Question_Control,1,ModControl,,whodidit.mp3,tom.png,kate.png,kate.png,tom.png,2,incongruent,congruent,NA,NA,1,650,0.671556039,https://github.com/kelly-marshall/DriftDiffusionAdaptation/blob/main/Pictures/modbias_list1_training/kate.png?raw=true,https://github.com/kelly-marshall/DriftDiffusionAdaptation/blob/main/Pictures/modbias_list1_training/tom.png?raw=true,https://github.com/kelly-marshall/DriftDiffusionAdaptation/blob/main/AudioFiles/modbias_list1_training/whodidit.mp3?raw=true
83,Training,3,Tom located the fox with the grass,located,fox,grass,Sentence,1,ModControl,3,tomfoxgrass_nopauses.mp3,tomfoxgrassmodright.png,tomfoxgrassinstleft.png,tomfoxgrassmodright.png,tomfoxgrassinstleft.png,1,mod,inst,R,L,543,2640,0.681631588,https://github.com/kelly-marshall/DriftDiffusionAdaptation/blob/main/Pictures/modbias_list1_training/tomfoxgrassmodright.png?raw=true,https://github.com/kelly-marshall/DriftDiffusionAdaptation/blob/main/Pictures/modbias_list1_training/tomfoxgrassinstleft.png?raw=true,https://github.com/kelly-marshall/DriftDiffusionAdaptation/blob/main/AudioFiles/modbias_list1_training/tomfoxgrass_nopauses.mp3?raw=true
84,Training,3,Who did it?,located,NA,NA,Question_Control,1,ModControl,,whodidit.mp3,tom.png,kate.png,kate.png,tom.png,2,incongruent,congruent,NA,NA,1,650,0.681631588,https://github.com/kelly-marshall/DriftDiffusionAdaptation/blob/main/Pictures/modbias_list1_training/kate.png?raw=true,https://github.com/kelly-marshall/DriftDiffusionAdaptation/blob/main/Pictures/modbias_list1_training/tom.png?raw=true,https://github.com/kelly-marshall/DriftDiffusionAdaptation/blob/main/AudioFiles/modbias_list1_training/whodidit.mp3?raw=true
85,Training,26,Kate moved the cow with the watering can,moved,cow,watering can,Sentence,1,ModControl,2,katecowwateringcan_nopauses.mp3,katecowwateringcanmodleft.png,katecowwateringcaninstright.png,katecowwateringcaninstright.png,katecowwateringcanmodleft.png,2,inst,mod,L,R,357,2807,0.687332924,https://github.com/kelly-marshall/DriftDiffusionAdaptation/blob/main/Pictures/modbias_list1_training/katecowwateringcaninstright.png?raw=true,https://github.com/kelly-marshall/DriftDiffusionAdaptation/blob/main/Pictures/modbias_list1_training/katecowwateringcanmodleft.png?raw=true,https://github.com/kelly-marshall/DriftDiffusionAdaptation/blob/main/AudioFiles/modbias_list1_training/katecowwateringcan_nopauses.mp3?raw=true
86,Training,26,Who did it?,moved,NA,NA,Question_Control,1,ModControl,,whodidit.mp3,kate.png,tom.png,kate.png,tom.png,1,congruent,incongruent,NA,NA,1,650,0.687332924,https://github.com/kelly-marshall/DriftDiffusionAdaptation/blob/main/Pictures/modbias_list1_training/kate.png?raw=true,https://github.com/kelly-marshall/DriftDiffusionAdaptation/blob/main/Pictures/modbias_list1_training/tom.png?raw=true,https://github.com/kelly-marshall/DriftDiffusionAdaptation/blob/main/AudioFiles/modbias_list1_training/whodidit.mp3?raw=true
87,Training,68,Kate inspected the girl with the chopsticks,inspected,girl,chopsticks,Sentence,1,ModControl,8,kategirlchopsticks_nopauses.mp3,kategirlchopsticksmodright.png,kategirlchopsticksinstleft.png,kategirlchopsticksmodright.png,kategirlchopsticksinstleft.png,1,mod,inst,R,L,468,3157,0.726855497,https://github.com/kelly-marshall/DriftDiffusionAdaptation/blob/main/Pictures/modbias_list1_training/kategirlchopsticksmodright.png?raw=true,https://github.com/kelly-marshall/DriftDiffusionAdaptation/blob/main/Pictures/modbias_list1_training/kategirlchopsticksinstleft.png?raw=true,https://github.com/kelly-marshall/DriftDiffusionAdaptation/blob/main/AudioFiles/modbias_list1_training/kategirlchopsticks_nopauses.mp3?raw=true
88,Training,68,Who did it?,inspected,NA,NA,Question_Control,1,ModControl,,whodidit.mp3,kate.png,tom.png,tom.png,kate.png,2,incongruent,congruent,NA,NA,1,650,0.726855497,https://github.com/kelly-marshall/DriftDiffusionAdaptation/blob/main/Pictures/modbias_list1_training/tom.png?raw=true,https://github.com/kelly-marshall/DriftDiffusionAdaptation/blob/main/Pictures/modbias_list1_training/kate.png?raw=true,https://github.com/kelly-marshall/DriftDiffusionAdaptation/blob/main/AudioFiles/modbias_list1_training/whodidit.mp3?raw=true
89,Training,30,Kate moved the turtle with the watering can,moved,turtle,watering can,Sentence,1,ModControl,6,kateturtlewateringcan_nopauses.mp3,kateturtlewateringcanmodleft.png,kateturtlewateringcaninstright.png,kateturtlewateringcaninstright.png,kateturtlewateringcanmodleft.png,2,inst,mod,L,R,420,2860,0.733859577,https://github.com/kelly-marshall/DriftDiffusionAdaptation/blob/main/Pictures/modbias_list1_training/kateturtlewateringcaninstright.png?raw=true,https://github.com/kelly-marshall/DriftDiffusionAdaptation/blob/main/Pictures/modbias_list1_training/kateturtlewateringcanmodleft.png?raw=true,https://github.com/kelly-marshall/DriftDiffusionAdaptation/blob/main/AudioFiles/modbias_list1_training/kateturtlewateringcan_nopauses.mp3?raw=true
90,Training,30,Who did it?,moved,NA,NA,Question_Control,1,ModControl,,whodidit.mp3,kate.png,tom.png,kate.png,tom.png,1,congruent,incongruent,NA,NA,1,650,0.733859577,https://github.com/kelly-marshall/DriftDiffusionAdaptation/blob/main/Pictures/modbias_list1_training/kate.png?raw=true,https://github.com/kelly-marshall/DriftDiffusionAdaptation/blob/main/Pictures/modbias_list1_training/tom.png?raw=true,https://github.com/kelly-marshall/DriftDiffusionAdaptation/blob/main/AudioFiles/modbias_list1_training/whodidit.mp3?raw=true
91,Training,41,Tom chose the frog with the tape,chose,frog,tape,Sentence,1,ModControl,5,tomfrogtape_nopauses.mp3,tomfrogtapemodleft.png,tomfrogtapeinstright.png,tomfrogtapeinstright.png,tomfrogtapemodleft.png,2,inst,mod,L,R,501,2346,0.762159424,https://github.com/kelly-marshall/DriftDiffusionAdaptation/blob/main/Pictures/modbias_list1_training/tomfrogtapeinstright.png?raw=true,https://github.com/kelly-marshall/DriftDiffusionAdaptation/blob/main/Pictures/modbias_list1_training/tomfrogtapemodleft.png?raw=true,https://github.com/kelly-marshall/DriftDiffusionAdaptation/blob/main/AudioFiles/modbias_list1_training/tomfrogtape_nopauses.mp3?raw=true
92,Training,41,Who did not do it?,chose,NA,NA,Question_Control,1,ModControl,,whodidnotdoit.mp3,kate.png,tom.png,kate.png,tom.png,1,congruent,incongruent,NA,NA,1,1498,0.762159424,https://github.com/kelly-marshall/DriftDiffusionAdaptation/blob/main/Pictures/modbias_list1_training/tom.png?raw=true,https://github.com/kelly-marshall/DriftDiffusionAdaptation/blob/main/Pictures/modbias_list1_training/kate.png?raw=true,https://github.com/kelly-marshall/DriftDiffusionAdaptation/blob/main/AudioFiles/modbias_list1_training/whodidnotdoit.mp3?raw=true
93,Training,49,Tom glanced at the dolphin with the jewel,glanced at,dolphin,jewel,Sentence,1,ModControl,1,tomdolphinjewel_nopauses.mp3,tomdolphinjewelmodright.png,tomdolphinjewelinstleft.png,tomdolphinjewelmodright.png,tomdolphinjewelinstleft.png,1,mod,inst,R,L,567,2878,0.771288656,https://github.com/kelly-marshall/DriftDiffusionAdaptation/blob/main/Pictures/modbias_list1_training/tomdolphinjewelmodright.png?raw=true,https://github.com/kelly-marshall/DriftDiffusionAdaptation/blob/main/Pictures/modbias_list1_training/tomdolphinjewelinstleft.png?raw=true,https://github.com/kelly-marshall/DriftDiffusionAdaptation/blob/main/AudioFiles/modbias_list1_training/tomdolphinjewel_nopauses.mp3?raw=true
94,Training,49,Who did it?,glanced at,NA,NA,Question_Control,1,ModControl,,whodidit.mp3,tom.png,kate.png,tom.png,kate.png,1,congruent,incongruent,NA,NA,1,650,0.771288656,https://github.com/kelly-marshall/DriftDiffusionAdaptation/blob/main/Pictures/modbias_list1_training/tom.png?raw=true,https://github.com/kelly-marshall/DriftDiffusionAdaptation/blob/main/Pictures/modbias_list1_training/kate.png?raw=true,https://github.com/kelly-marshall/DriftDiffusionAdaptation/blob/main/AudioFiles/modbias_list1_training/whodidit.mp3?raw=true
95,Training,38,Kate chose the cow with the tape,chose,cow,tape,Sentence,1,ModControl,2,katecowtape_nopauses.mp3,katecowtapemodright.png,katecowtapeinstleft.png,katecowtapemodright.png,katecowtapeinstleft.png,1,mod,inst,R,L,382,2173,0.774201488,https://github.com/kelly-marshall/DriftDiffusionAdaptation/blob/main/Pictures/modbias_list1_training/katecowtapemodright.png?raw=true,https://github.com/kelly-marshall/DriftDiffusionAdaptation/blob/main/Pictures/modbias_list1_training/katecowtapeinstleft.png?raw=true,https://github.com/kelly-marshall/DriftDiffusionAdaptation/blob/main/AudioFiles/modbias_list1_training/katecowtape_nopauses.mp3?raw=true
96,Training,38,Who did it?,chose,NA,NA,Question_Control,1,ModControl,,whodidit.mp3,kate.png,tom.png,kate.png,tom.png,1,congruent,incongruent,NA,NA,1,650,0.774201488,https://github.com/kelly-marshall/DriftDiffusionAdaptation/blob/main/Pictures/modbias_list1_training/kate.png?raw=true,https://github.com/kelly-marshall/DriftDiffusionAdaptation/blob/main/Pictures/modbias_list1_training/tom.png?raw=true,https://github.com/kelly-marshall/DriftDiffusionAdaptation/blob/main/AudioFiles/modbias_list1_training/whodidit.mp3?raw=true
97,Training,62,Kate inspected the cow with the stick,inspected,cow,stick,Sentence,1,ModControl,2,katecowstick_nopauses.mp3,katecowstickmodright.png,katecowstickinstleft.png,katecowstickmodright.png,katecowstickinstleft.png,1,mod,inst,R,L,367,2495,0.802914177,https://github.com/kelly-marshall/DriftDiffusionAdaptation/blob/main/Pictures/modbias_list1_training/katecowstickmodright.png?raw=true,https://github.com/kelly-marshall/DriftDiffusionAdaptation/blob/main/Pictures/modbias_list1_training/katecowstickinstleft.png?raw=true,https://github.com/kelly-marshall/DriftDiffusionAdaptation/blob/main/AudioFiles/modbias_list1_training/katecowstick_nopauses.mp3?raw=true
98,Training,62,Who did not do it?,inspected,NA,NA,Question_Control,1,ModControl,,whodidnotdoit.mp3,tom.png,kate.png,tom.png,kate.png,1,congruent,incongruent,NA,NA,1,1498,0.802914177,https://github.com/kelly-marshall/DriftDiffusionAdaptation/blob/main/Pictures/modbias_list1_training/kate.png?raw=true,https://github.com/kelly-marshall/DriftDiffusionAdaptation/blob/main/Pictures/modbias_list1_training/tom.png?raw=true,https://github.com/kelly-marshall/DriftDiffusionAdaptation/blob/main/AudioFiles/modbias_list1_training/whodidnotdoit.mp3?raw=true
99,Training,6,Kate located the turtle with the grass,located,turtle,grass,Sentence,1,ModControl,6,kateturtlegrass_nopauses.mp3,kateturtlegrassmodleft.png,kateturtlegrassinstright.png,kateturtlegrassinstright.png,kateturtlegrassmodleft.png,2,inst,mod,L,R,340,2710,0.81163774,https://github.com/kelly-marshall/DriftDiffusionAdaptation/blob/main/Pictures/modbias_list1_training/kateturtlegrassinstright.png?raw=true,https://github.com/kelly-marshall/DriftDiffusionAdaptation/blob/main/Pictures/modbias_list1_training/kateturtlegrassmodleft.png?raw=true,https://github.com/kelly-marshall/DriftDiffusionAdaptation/blob/main/AudioFiles/modbias_list1_training/kateturtlegrass_nopauses.mp3?raw=true
100,Training,6,Who did it?,located,NA,NA,Question_Control,1,ModControl,,whodidit.mp3,kate.png,tom.png,kate.png,tom.png,1,congruent,incongruent,NA,NA,1,650,0.81163774,https://github.com/kelly-marshall/DriftDiffusionAdaptation/blob/main/Pictures/modbias_list1_training/kate.png?raw=true,https://github.com/kelly-marshall/DriftDiffusionAdaptation/blob/main/Pictures/modbias_list1_training/tom.png?raw=true,https://github.com/kelly-marshall/DriftDiffusionAdaptation/blob/main/AudioFiles/modbias_list1_training/whodidit.mp3?raw=true
101,Training,2,Kate located the cow with the grass,located,cow,grass,Sentence,1,ModControl,2,katecowgrass_nopauses.mp3,katecowgrassmodleft.png,katecowgrassinstright.png,katecowgrassinstright.png,katecowgrassmodleft.png,2,inst,mod,L,R,366,2626,0.812448951,https://github.com/kelly-marshall/DriftDiffusionAdaptation/blob/main/Pictures/modbias_list1_training/katecowgrassinstright.png?raw=true,https://github.com/kelly-marshall/DriftDiffusionAdaptation/blob/main/Pictures/modbias_list1_training/katecowgrassmodleft.png?raw=true,https://github.com/kelly-marshall/DriftDiffusionAdaptation/blob/main/AudioFiles/modbias_list1_training/katecowgrass_nopauses.mp3?raw=true
102,Training,2,Who did it?,located,NA,NA,Question_Control,1,ModControl,,whodidit.mp3,kate.png,tom.png,kate.png,tom.png,1,congruent,incongruent,NA,NA,1,650,0.812448951,https://github.com/kelly-marshall/DriftDiffusionAdaptation/blob/main/Pictures/modbias_list1_training/kate.png?raw=true,https://github.com/kelly-marshall/DriftDiffusionAdaptation/blob/main/Pictures/modbias_list1_training/tom.png?raw=true,https://github.com/kelly-marshall/DriftDiffusionAdaptation/blob/main/AudioFiles/modbias_list1_training/whodidit.mp3?raw=true
103,Training,34,Kate moved the gorilla with the pan,moved,gorilla,pan,Sentence,1,ModControl,10,kategorillapan_nopauses.mp3,kategorillapanmodleft.png,kategorillapaninstright.png,kategorillapaninstright.png,kategorillapanmodleft.png,2,inst,mod,L,R,399,2373,0.817679529,https://github.com/kelly-marshall/DriftDiffusionAdaptation/blob/main/Pictures/modbias_list1_training/kategorillapaninstright.png?raw=true,https://github.com/kelly-marshall/DriftDiffusionAdaptation/blob/main/Pictures/modbias_list1_training/kategorillapanmodleft.png?raw=true,https://github.com/kelly-marshall/DriftDiffusionAdaptation/blob/main/AudioFiles/modbias_list1_training/kategorillapan_nopauses.mp3?raw=true
104,Training,34,Who did it?,moved,NA,NA,Question_Control,1,ModControl,,whodidit.mp3,kate.png,tom.png,kate.png,tom.png,1,congruent,incongruent,NA,NA,1,650,0.817679529,https://github.com/kelly-marshall/DriftDiffusionAdaptation/blob/main/Pictures/modbias_list1_training/kate.png?raw=true,https://github.com/kelly-marshall/DriftDiffusionAdaptation/blob/main/Pictures/modbias_list1_training/tom.png?raw=true,https://github.com/kelly-marshall/DriftDiffusionAdaptation/blob/main/AudioFiles/modbias_list1_training/whodidit.mp3?raw=true
105,Training,7,Tom located the pig with the feather,located,pig,feather,Sentence,1,ModControl,7,tompigfeather_nopauses.mp3,tompigfeathermodright.png,tompigfeatherinstleft.png,tompigfeathermodright.png,tompigfeatherinstleft.png,1,mod,inst,R,L,518,2573,0.818407612,https://github.com/kelly-marshall/DriftDiffusionAdaptation/blob/main/Pictures/modbias_list1_training/tompigfeathermodright.png?raw=true,https://github.com/kelly-marshall/DriftDiffusionAdaptation/blob/main/Pictures/modbias_list1_training/tompigfeatherinstleft.png?raw=true,https://github.com/kelly-marshall/DriftDiffusionAdaptation/blob/main/AudioFiles/modbias_list1_training/tompigfeather_nopauses.mp3?raw=true
106,Training,7,Who did it?,located,NA,NA,Question_Control,1,ModControl,,whodidit.mp3,tom.png,kate.png,kate.png,tom.png,2,incongruent,congruent,NA,NA,1,650,0.818407612,https://github.com/kelly-marshall/DriftDiffusionAdaptation/blob/main/Pictures/modbias_list1_training/kate.png?raw=true,https://github.com/kelly-marshall/DriftDiffusionAdaptation/blob/main/Pictures/modbias_list1_training/tom.png?raw=true,https://github.com/kelly-marshall/DriftDiffusionAdaptation/blob/main/AudioFiles/modbias_list1_training/whodidit.mp3?raw=true
107,Training,16,Kate felt the lion with the leaf,felt,lion,leaf,Sentence,1,ModControl,4,katelionleaf_nopauses.mp3,katelionleafmodright.png,katelionleafinstleft.png,katelionleafmodright.png,katelionleafinstleft.png,1,mod,inst,R,L,350,1959,0.820690508,https://github.com/kelly-marshall/DriftDiffusionAdaptation/blob/main/Pictures/modbias_list1_training/katelionleafmodright.png?raw=true,https://github.com/kelly-marshall/DriftDiffusionAdaptation/blob/main/Pictures/modbias_list1_training/katelionleafinstleft.png?raw=true,https://github.com/kelly-marshall/DriftDiffusionAdaptation/blob/main/AudioFiles/modbias_list1_training/katelionleaf_nopauses.mp3?raw=true
108,Training,16,Who did not do it?,felt,NA,NA,Question_Control,1,ModControl,,whodidnotdoit.mp3,tom.png,kate.png,kate.png,tom.png,2,incongruent,congruent,NA,NA,1,1498,0.820690508,https://github.com/kelly-marshall/DriftDiffusionAdaptation/blob/main/Pictures/modbias_list1_training/tom.png?raw=true,https://github.com/kelly-marshall/DriftDiffusionAdaptation/blob/main/Pictures/modbias_list1_training/kate.png?raw=true,https://github.com/kelly-marshall/DriftDiffusionAdaptation/blob/main/AudioFiles/modbias_list1_training/whodidnotdoit.mp3?raw=true
109,Training,51,Tom glanced at the fox with the jewel,glanced at,fox,jewel,Sentence,1,ModControl,3,tomfoxjewel_nopauses.mp3,tomfoxjewelmodright.png,tomfoxjewelinstleft.png,tomfoxjewelmodright.png,tomfoxjewelinstleft.png,1,mod,inst,R,L,559,2591,0.83021475,https://github.com/kelly-marshall/DriftDiffusionAdaptation/blob/main/Pictures/modbias_list1_training/tomfoxjewelmodright.png?raw=true,https://github.com/kelly-marshall/DriftDiffusionAdaptation/blob/main/Pictures/modbias_list1_training/tomfoxjewelinstleft.png?raw=true,https://github.com/kelly-marshall/DriftDiffusionAdaptation/blob/main/AudioFiles/modbias_list1_training/tomfoxjewel_nopauses.mp3?raw=true
110,Training,51,Who did not do it?,glanced at,NA,NA,Question_Control,1,ModControl,,whodidnotdoit.mp3,kate.png,tom.png,tom.png,kate.png,2,incongruent,congruent,NA,NA,1,1498,0.83021475,https://github.com/kelly-marshall/DriftDiffusionAdaptation/blob/main/Pictures/modbias_list1_training/kate.png?raw=true,https://github.com/kelly-marshall/DriftDiffusionAdaptation/blob/main/Pictures/modbias_list1_training/tom.png?raw=true,https://github.com/kelly-marshall/DriftDiffusionAdaptation/blob/main/AudioFiles/modbias_list1_training/whodidnotdoit.mp3?raw=true
111,Training,56,Kate glanced at the girl with the crystal,glanced at,girl,crystal,Sentence,1,ModControl,8,kategirlcrystal_nopauses.mp3,kategirlcrystalmodleft.png,kategirlcrystalinstright.png,kategirlcrystalinstright.png,kategirlcrystalmodleft.png,2,inst,mod,L,R,428,2749,0.834998941,https://github.com/kelly-marshall/DriftDiffusionAdaptation/blob/main/Pictures/modbias_list1_training/kategirlcrystalinstright.png?raw=true,https://github.com/kelly-marshall/DriftDiffusionAdaptation/blob/main/Pictures/modbias_list1_training/kategirlcrystalmodleft.png?raw=true,https://github.com/kelly-marshall/DriftDiffusionAdaptation/blob/main/AudioFiles/modbias_list1_training/kategirlcrystal_nopauses.mp3?raw=true
112,Training,56,Who did it?,glanced at,NA,NA,Question_Control,1,ModControl,,whodidit.mp3,kate.png,tom.png,tom.png,kate.png,2,incongruent,congruent,NA,NA,1,650,0.834998941,https://github.com/kelly-marshall/DriftDiffusionAdaptation/blob/main/Pictures/modbias_list1_training/tom.png?raw=true,https://github.com/kelly-marshall/DriftDiffusionAdaptation/blob/main/Pictures/modbias_list1_training/kate.png?raw=true,https://github.com/kelly-marshall/DriftDiffusionAdaptation/blob/main/AudioFiles/modbias_list1_training/whodidit.mp3?raw=true
113,Training,25,Tom moved the dolphin with the watering can,moved,dolphin,watering can,Sentence,1,ModControl,1,tomdolphinwateringcan_nopauses.mp3,tomdolphinwateringcanmodright.png,tomdolphinwateringcaninstleft.png,tomdolphinwateringcanmodright.png,tomdolphinwateringcaninstleft.png,1,mod,inst,R,L,487,2883,0.857044623,https://github.com/kelly-marshall/DriftDiffusionAdaptation/blob/main/Pictures/modbias_list1_training/tomdolphinwateringcanmodright.png?raw=true,https://github.com/kelly-marshall/DriftDiffusionAdaptation/blob/main/Pictures/modbias_list1_training/tomdolphinwateringcaninstleft.png?raw=true,https://github.com/kelly-marshall/DriftDiffusionAdaptation/blob/main/AudioFiles/modbias_list1_training/tomdolphinwateringcan_nopauses.mp3?raw=true
114,Training,25,Who did it?,moved,NA,NA,Question_Control,1,ModControl,,whodidit.mp3,tom.png,kate.png,tom.png,kate.png,1,congruent,incongruent,NA,NA,1,650,0.857044623,https://github.com/kelly-marshall/DriftDiffusionAdaptation/blob/main/Pictures/modbias_list1_training/tom.png?raw=true,https://github.com/kelly-marshall/DriftDiffusionAdaptation/blob/main/Pictures/modbias_list1_training/kate.png?raw=true,https://github.com/kelly-marshall/DriftDiffusionAdaptation/blob/main/AudioFiles/modbias_list1_training/whodidit.mp3?raw=true
115,Training,53,Tom glanced at the frog with the jewel,glanced at,frog,jewel,Sentence,1,ModControl,5,tomfrogjewel_nopauses.mp3,tomfrogjewelmodright.png,tomfrogjewelinstleft.png,tomfrogjewelmodright.png,tomfrogjewelinstleft.png,1,mod,inst,R,L,594,2626,0.857212666,https://github.com/kelly-marshall/DriftDiffusionAdaptation/blob/main/Pictures/modbias_list1_training/tomfrogjewelmodright.png?raw=true,https://github.com/kelly-marshall/DriftDiffusionAdaptation/blob/main/Pictures/modbias_list1_training/tomfrogjewelinstleft.png?raw=true,https://github.com/kelly-marshall/DriftDiffusionAdaptation/blob/main/AudioFiles/modbias_list1_training/tomfrogjewel_nopauses.mp3?raw=true
116,Training,53,Who did it?,glanced at,NA,NA,Question_Control,1,ModControl,,whodidit.mp3,tom.png,kate.png,tom.png,kate.png,1,congruent,incongruent,NA,NA,1,650,0.857212666,https://github.com/kelly-marshall/DriftDiffusionAdaptation/blob/main/Pictures/modbias_list1_training/tom.png?raw=true,https://github.com/kelly-marshall/DriftDiffusionAdaptation/blob/main/Pictures/modbias_list1_training/kate.png?raw=true,https://github.com/kelly-marshall/DriftDiffusionAdaptation/blob/main/AudioFiles/modbias_list1_training/whodidit.mp3?raw=true
117,Training,28,Kate moved the lion with the watering can,moved,lion,watering can,Sentence,1,ModControl,4,katelionwateringcan_nopauses.mp3,katelionwateringcanmodleft.png,katelionwateringcaninstright.png,katelionwateringcaninstright.png,katelionwateringcanmodleft.png,2,inst,mod,L,R,381,2921,0.860717524,https://github.com/kelly-marshall/DriftDiffusionAdaptation/blob/main/Pictures/modbias_list1_training/katelionwateringcaninstright.png?raw=true,https://github.com/kelly-marshall/DriftDiffusionAdaptation/blob/main/Pictures/modbias_list1_training/katelionwateringcanmodleft.png?raw=true,https://github.com/kelly-marshall/DriftDiffusionAdaptation/blob/main/AudioFiles/modbias_list1_training/katelionwateringcan_nopauses.mp3?raw=true
118,Training,28,Who did it?,moved,NA,NA,Question_Control,1,ModControl,,whodidit.mp3,kate.png,tom.png,tom.png,kate.png,2,incongruent,congruent,NA,NA,1,650,0.860717524,https://github.com/kelly-marshall/DriftDiffusionAdaptation/blob/main/Pictures/modbias_list1_training/tom.png?raw=true,https://github.com/kelly-marshall/DriftDiffusionAdaptation/blob/main/Pictures/modbias_list1_training/kate.png?raw=true,https://github.com/kelly-marshall/DriftDiffusionAdaptation/blob/main/AudioFiles/modbias_list1_training/whodidit.mp3?raw=true
119,Training,39,Tom chose the fox with the tape,chose,fox,tape,Sentence,1,ModControl,3,tomfoxtape_nopauses.mp3,tomfoxtapemodleft.png,tomfoxtapeinstright.png,tomfoxtapeinstright.png,tomfoxtapemodleft.png,2,inst,mod,L,R,506,2282,0.861065441,https://github.com/kelly-marshall/DriftDiffusionAdaptation/blob/main/Pictures/modbias_list1_training/tomfoxtapeinstright.png?raw=true,https://github.com/kelly-marshall/DriftDiffusionAdaptation/blob/main/Pictures/modbias_list1_training/tomfoxtapemodleft.png?raw=true,https://github.com/kelly-marshall/DriftDiffusionAdaptation/blob/main/AudioFiles/modbias_list1_training/tomfoxtape_nopauses.mp3?raw=true
120,Training,39,Who did it?,chose,NA,NA,Question_Control,1,ModControl,,whodidit.mp3,tom.png,kate.png,kate.png,tom.png,2,incongruent,congruent,NA,NA,1,650,0.861065441,https://github.com/kelly-marshall/DriftDiffusionAdaptation/blob/main/Pictures/modbias_list1_training/kate.png?raw=true,https://github.com/kelly-marshall/DriftDiffusionAdaptation/blob/main/Pictures/modbias_list1_training/tom.png?raw=true,https://github.com/kelly-marshall/DriftDiffusionAdaptation/blob/main/AudioFiles/modbias_list1_training/whodidit.mp3?raw=true
121,Training,27,Tom moved the fox with the watering can,moved,fox,watering can,Sentence,1,ModControl,3,tomfoxwateringcan_nopauses.mp3,tomfoxwateringcanmodright.png,tomfoxwateringcaninstleft.png,tomfoxwateringcanmodright.png,tomfoxwateringcaninstleft.png,1,mod,inst,R,L,475,2924,0.862099436,https://github.com/kelly-marshall/DriftDiffusionAdaptation/blob/main/Pictures/modbias_list1_training/tomfoxwateringcanmodright.png?raw=true,https://github.com/kelly-marshall/DriftDiffusionAdaptation/blob/main/Pictures/modbias_list1_training/tomfoxwateringcaninstleft.png?raw=true,https://github.com/kelly-marshall/DriftDiffusionAdaptation/blob/main/AudioFiles/modbias_list1_training/tomfoxwateringcan_nopauses.mp3?raw=true
122,Training,27,Who did it?,moved,NA,NA,Question_Control,1,ModControl,,whodidit.mp3,tom.png,kate.png,kate.png,tom.png,2,incongruent,congruent,NA,NA,1,650,0.862099436,https://github.com/kelly-marshall/DriftDiffusionAdaptation/blob/main/Pictures/modbias_list1_training/kate.png?raw=true,https://github.com/kelly-marshall/DriftDiffusionAdaptation/blob/main/Pictures/modbias_list1_training/tom.png?raw=true,https://github.com/kelly-marshall/DriftDiffusionAdaptation/blob/main/AudioFiles/modbias_list1_training/whodidit.mp3?raw=true
123,Training,29,Tom moved the frog with the watering can,moved,frog,watering can,Sentence,1,ModControl,5,tomfrogwateringcan_nopauses.mp3,tomfrogwateringcanmodright.png,tomfrogwateringcaninstleft.png,tomfrogwateringcanmodright.png,tomfrogwateringcaninstleft.png,1,mod,inst,R,L,477,2986,0.86407127,https://github.com/kelly-marshall/DriftDiffusionAdaptation/blob/main/Pictures/modbias_list1_training/tomfrogwateringcanmodright.png?raw=true,https://github.com/kelly-marshall/DriftDiffusionAdaptation/blob/main/Pictures/modbias_list1_training/tomfrogwateringcaninstleft.png?raw=true,https://github.com/kelly-marshall/DriftDiffusionAdaptation/blob/main/AudioFiles/modbias_list1_training/tomfrogwateringcan_nopauses.mp3?raw=true
124,Training,29,Who did it?,moved,NA,NA,Question_Control,1,ModControl,,whodidit.mp3,tom.png,kate.png,tom.png,kate.png,1,congruent,incongruent,NA,NA,1,650,0.86407127,https://github.com/kelly-marshall/DriftDiffusionAdaptation/blob/main/Pictures/modbias_list1_training/tom.png?raw=true,https://github.com/kelly-marshall/DriftDiffusionAdaptation/blob/main/Pictures/modbias_list1_training/kate.png?raw=true,https://github.com/kelly-marshall/DriftDiffusionAdaptation/blob/main/AudioFiles/modbias_list1_training/whodidit.mp3?raw=true
125,Training,52,Kate glanced at the lion with the jewel,glanced at,lion,jewel,Sentence,1,ModControl,4,katelionjewel_nopauses.mp3,katelionjewelmodleft.png,katelionjewelinstright.png,katelionjewelinstright.png,katelionjewelmodleft.png,2,inst,mod,L,R,392,2710,0.871672858,https://github.com/kelly-marshall/DriftDiffusionAdaptation/blob/main/Pictures/modbias_list1_training/katelionjewelinstright.png?raw=true,https://github.com/kelly-marshall/DriftDiffusionAdaptation/blob/main/Pictures/modbias_list1_training/katelionjewelmodleft.png?raw=true,https://github.com/kelly-marshall/DriftDiffusionAdaptation/blob/main/AudioFiles/modbias_list1_training/katelionjewel_nopauses.mp3?raw=true
126,Training,52,Who did it?,glanced at,NA,NA,Question_Control,1,ModControl,,whodidit.mp3,kate.png,tom.png,tom.png,kate.png,2,incongruent,congruent,NA,NA,1,650,0.871672858,https://github.com/kelly-marshall/DriftDiffusionAdaptation/blob/main/Pictures/modbias_list1_training/tom.png?raw=true,https://github.com/kelly-marshall/DriftDiffusionAdaptation/blob/main/Pictures/modbias_list1_training/kate.png?raw=true,https://github.com/kelly-marshall/DriftDiffusionAdaptation/blob/main/AudioFiles/modbias_list1_training/whodidit.mp3?raw=true
127,Training,50,Kate glanced at the cow with the jewel,glanced at,cow,jewel,Sentence,1,ModControl,2,katecowjewel_nopauses.mp3,katecowjewelmodleft.png,katecowjewelinstright.png,katecowjewelinstright.png,katecowjewelmodleft.png,2,inst,mod,L,R,408,2694,0.89586364,https://github.com/kelly-marshall/DriftDiffusionAdaptation/blob/main/Pictures/modbias_list1_training/katecowjewelinstright.png?raw=true,https://github.com/kelly-marshall/DriftDiffusionAdaptation/blob/main/Pictures/modbias_list1_training/katecowjewelmodleft.png?raw=true,https://github.com/kelly-marshall/DriftDiffusionAdaptation/blob/main/AudioFiles/modbias_list1_training/katecowjewel_nopauses.mp3?raw=true
128,Training,50,Who did it?,glanced at,NA,NA,Question_Control,1,ModControl,,whodidit.mp3,kate.png,tom.png,kate.png,tom.png,1,congruent,incongruent,NA,NA,1,650,0.89586364,https://github.com/kelly-marshall/DriftDiffusionAdaptation/blob/main/Pictures/modbias_list1_training/kate.png?raw=true,https://github.com/kelly-marshall/DriftDiffusionAdaptation/blob/main/Pictures/modbias_list1_training/tom.png?raw=true,https://github.com/kelly-marshall/DriftDiffusionAdaptation/blob/main/AudioFiles/modbias_list1_training/whodidit.mp3?raw=true
129,Training,32,Kate moved the girl with the pan,moved,girl,pan,Sentence,1,ModControl,8,kategirlpan_nopauses.mp3,kategirlpanmodleft.png,kategirlpaninstright.png,kategirlpaninstright.png,kategirlpanmodleft.png,2,inst,mod,L,R,391,2329,0.901097708,https://github.com/kelly-marshall/DriftDiffusionAdaptation/blob/main/Pictures/modbias_list1_training/kategirlpaninstright.png?raw=true,https://github.com/kelly-marshall/DriftDiffusionAdaptation/blob/main/Pictures/modbias_list1_training/kategirlpanmodleft.png?raw=true,https://github.com/kelly-marshall/DriftDiffusionAdaptation/blob/main/AudioFiles/modbias_list1_training/kategirlpan_nopauses.mp3?raw=true
130,Training,32,Who did it?,moved,NA,NA,Question_Control,1,ModControl,,whodidit.mp3,kate.png,tom.png,tom.png,kate.png,2,incongruent,congruent,NA,NA,1,650,0.901097708,https://github.com/kelly-marshall/DriftDiffusionAdaptation/blob/main/Pictures/modbias_list1_training/tom.png?raw=true,https://github.com/kelly-marshall/DriftDiffusionAdaptation/blob/main/Pictures/modbias_list1_training/kate.png?raw=true,https://github.com/kelly-marshall/DriftDiffusionAdaptation/blob/main/AudioFiles/modbias_list1_training/whodidit.mp3?raw=true
131,Training,9,Tom located the whale with the feather,located,whale,feather,Sentence,1,ModControl,9,tomwhalefeather_nopauses.mp3,tomwhalefeathermodright.png,tomwhalefeatherinstleft.png,tomwhalefeathermodright.png,tomwhalefeatherinstleft.png,1,mod,inst,R,L,551,2683,0.917061221,https://github.com/kelly-marshall/DriftDiffusionAdaptation/blob/main/Pictures/modbias_list1_training/tomwhalefeathermodright.png?raw=true,https://github.com/kelly-marshall/DriftDiffusionAdaptation/blob/main/Pictures/modbias_list1_training/tomwhalefeatherinstleft.png?raw=true,https://github.com/kelly-marshall/DriftDiffusionAdaptation/blob/main/AudioFiles/modbias_list1_training/tomwhalefeather_nopauses.mp3?raw=true
132,Training,9,Who did not do it?,located,NA,NA,Question_Control,1,ModControl,,whodidnotdoit.mp3,kate.png,tom.png,kate.png,tom.png,1,congruent,incongruent,NA,NA,1,1498,0.917061221,https://github.com/kelly-marshall/DriftDiffusionAdaptation/blob/main/Pictures/modbias_list1_training/tom.png?raw=true,https://github.com/kelly-marshall/DriftDiffusionAdaptation/blob/main/Pictures/modbias_list1_training/kate.png?raw=true,https://github.com/kelly-marshall/DriftDiffusionAdaptation/blob/main/AudioFiles/modbias_list1_training/whodidnotdoit.mp3?raw=true
133,Training,40,Kate chose the lion with the tape,chose,lion,tape,Sentence,1,ModControl,4,kateliontape_nopauses.mp3,kateliontapemodright.png,kateliontapeinstleft.png,kateliontapemodright.png,kateliontapeinstleft.png,1,mod,inst,R,L,341,2044,0.919294126,https://github.com/kelly-marshall/DriftDiffusionAdaptation/blob/main/Pictures/modbias_list1_training/kateliontapemodright.png?raw=true,https://github.com/kelly-marshall/DriftDiffusionAdaptation/blob/main/Pictures/modbias_list1_training/kateliontapeinstleft.png?raw=true,https://github.com/kelly-marshall/DriftDiffusionAdaptation/blob/main/AudioFiles/modbias_list1_training/kateliontape_nopauses.mp3?raw=true
134,Training,40,Who did it?,chose,NA,NA,Question_Control,1,ModControl,,whodidit.mp3,kate.png,tom.png,tom.png,kate.png,2,incongruent,congruent,NA,NA,1,650,0.919294126,https://github.com/kelly-marshall/DriftDiffusionAdaptation/blob/main/Pictures/modbias_list1_training/tom.png?raw=true,https://github.com/kelly-marshall/DriftDiffusionAdaptation/blob/main/Pictures/modbias_list1_training/kate.png?raw=true,https://github.com/kelly-marshall/DriftDiffusionAdaptation/blob/main/AudioFiles/modbias_list1_training/whodidit.mp3?raw=true
135,Training,31,Tom moved the pig with the pan,moved,pig,pan,Sentence,1,ModControl,7,tompigpan_nopauses.mp3,tompigpanmodright.png,tompigpaninstleft.png,tompigpanmodright.png,tompigpaninstleft.png,1,mod,inst,R,L,507,2409,0.943332848,https://github.com/kelly-marshall/DriftDiffusionAdaptation/blob/main/Pictures/modbias_list1_training/tompigpanmodright.png?raw=true,https://github.com/kelly-marshall/DriftDiffusionAdaptation/blob/main/Pictures/modbias_list1_training/tompigpaninstleft.png?raw=true,https://github.com/kelly-marshall/DriftDiffusionAdaptation/blob/main/AudioFiles/modbias_list1_training/tompigpan_nopauses.mp3?raw=true
136,Training,31,Who did it?,moved,NA,NA,Question_Control,1,ModControl,,whodidit.mp3,tom.png,kate.png,kate.png,tom.png,2,incongruent,congruent,NA,NA,1,650,0.943332848,https://github.com/kelly-marshall/DriftDiffusionAdaptation/blob/main/Pictures/modbias_list1_training/kate.png?raw=true,https://github.com/kelly-marshall/DriftDiffusionAdaptation/blob/main/Pictures/modbias_list1_training/tom.png?raw=true,https://github.com/kelly-marshall/DriftDiffusionAdaptation/blob/main/AudioFiles/modbias_list1_training/whodidit.mp3?raw=true
137,Training,15,Tom felt the fox with the leaf,felt,fox,leaf,Sentence,1,ModControl,3,tomfoxleaf_nopauses.mp3,tomfoxleafmodleft.png,tomfoxleafinstright.png,tomfoxleafinstright.png,tomfoxleafmodleft.png,2,inst,mod,L,R,538,1964,0.957919404,https://github.com/kelly-marshall/DriftDiffusionAdaptation/blob/main/Pictures/modbias_list1_training/tomfoxleafinstright.png?raw=true,https://github.com/kelly-marshall/DriftDiffusionAdaptation/blob/main/Pictures/modbias_list1_training/tomfoxleafmodleft.png?raw=true,https://github.com/kelly-marshall/DriftDiffusionAdaptation/blob/main/AudioFiles/modbias_list1_training/tomfoxleaf_nopauses.mp3?raw=true
138,Training,15,Who did it?,felt,NA,NA,Question_Control,1,ModControl,,whodidit.mp3,tom.png,kate.png,kate.png,tom.png,2,incongruent,congruent,NA,NA,1,650,0.957919404,https://github.com/kelly-marshall/DriftDiffusionAdaptation/blob/main/Pictures/modbias_list1_training/kate.png?raw=true,https://github.com/kelly-marshall/DriftDiffusionAdaptation/blob/main/Pictures/modbias_list1_training/tom.png?raw=true,https://github.com/kelly-marshall/DriftDiffusionAdaptation/blob/main/AudioFiles/modbias_list1_training/whodidit.mp3?raw=true
139,Training,42,Kate chose the turtle with the tape,chose,turtle,tape,Sentence,1,ModControl,6,kateturtletape_nopauses.mp3,kateturtletapemodright.png,kateturtletapeinstleft.png,kateturtletapemodright.png,kateturtletapeinstleft.png,1,mod,inst,R,L,367,2167,0.983206799,https://github.com/kelly-marshall/DriftDiffusionAdaptation/blob/main/Pictures/modbias_list1_training/kateturtletapemodright.png?raw=true,https://github.com/kelly-marshall/DriftDiffusionAdaptation/blob/main/Pictures/modbias_list1_training/kateturtletapeinstleft.png?raw=true,https://github.com/kelly-marshall/DriftDiffusionAdaptation/blob/main/AudioFiles/modbias_list1_training/kateturtletape_nopauses.mp3?raw=true
140,Training,42,Who did it?,chose,NA,NA,Question_Control,1,ModControl,,whodidit.mp3,kate.png,tom.png,kate.png,tom.png,1,congruent,incongruent,NA,NA,1,650,0.983206799,https://github.com/kelly-marshall/DriftDiffusionAdaptation/blob/main/Pictures/modbias_list1_training/kate.png?raw=true,https://github.com/kelly-marshall/DriftDiffusionAdaptation/blob/main/Pictures/modbias_list1_training/tom.png?raw=true,https://github.com/kelly-marshall/DriftDiffusionAdaptation/blob/main/AudioFiles/modbias_list1_training/whodidit.mp3?raw=true
141,Training,45,Tom chose the whale with the sticky note,chose,whale,sticky note,Sentence,1,ModControl,9,tomwhalestickynote_nopauses.mp3,tomwhalestickynotemodleft.png,tomwhalestickynoteinstright.png,tomwhalestickynoteinstright.png,tomwhalestickynotemodleft.png,2,inst,mod,L,R,571,2520,0.986332781,https://github.com/kelly-marshall/DriftDiffusionAdaptation/blob/main/Pictures/modbias_list1_training/tomwhalestickynoteinstright.png?raw=true,https://github.com/kelly-marshall/DriftDiffusionAdaptation/blob/main/Pictures/modbias_list1_training/tomwhalestickynotemodleft.png?raw=true,https://github.com/kelly-marshall/DriftDiffusionAdaptation/blob/main/AudioFiles/modbias_list1_training/tomwhalestickynote_nopauses.mp3?raw=true
142,Training,45,Who did not do it?,chose,NA,NA,Question_Control,1,ModControl,,whodidnotdoit.mp3,kate.png,tom.png,kate.png,tom.png,1,congruent,incongruent,NA,NA,1,1498,0.986332781,https://github.com/kelly-marshall/DriftDiffusionAdaptation/blob/main/Pictures/modbias_list1_training/tom.png?raw=true,https://github.com/kelly-marshall/DriftDiffusionAdaptation/blob/main/Pictures/modbias_list1_training/kate.png?raw=true,https://github.com/kelly-marshall/DriftDiffusionAdaptation/blob/main/AudioFiles/modbias_list1_training/whodidnotdoit.mp3?raw=true
143,Training,60,Kate glanced at the hawk with the crystal,glanced at,hawk,crystal,Sentence,1,ModControl,12,katehawkcrystal_nopauses.mp3,katehawkcrystalmodleft.png,katehawkcrystalinstright.png,katehawkcrystalinstright.png,katehawkcrystalmodleft.png,2,inst,mod,L,R,381,2714,0.998178259,https://github.com/kelly-marshall/DriftDiffusionAdaptation/blob/main/Pictures/modbias_list1_training/katehawkcrystalinstright.png?raw=true,https://github.com/kelly-marshall/DriftDiffusionAdaptation/blob/main/Pictures/modbias_list1_training/katehawkcrystalmodleft.png?raw=true,https://github.com/kelly-marshall/DriftDiffusionAdaptation/blob/main/AudioFiles/modbias_list1_training/katehawkcrystal_nopauses.mp3?raw=true
144,Training,60,Who did it?,glanced at,NA,NA,Question_Control,1,ModControl,,whodidit.mp3,kate.png,tom.png,tom.png,kate.png,2,incongruent,congruent,NA,NA,1,650,0.998178259,https://github.com/kelly-marshall/DriftDiffusionAdaptation/blob/main/Pictures/modbias_list1_training/tom.png?raw=true,https://github.com/kelly-marshall/DriftDiffusionAdaptation/blob/main/Pictures/modbias_list1_training/kate.png?raw=true,https://github.com/kelly-marshall/DriftDiffusionAdaptation/blob/main/AudioFiles/modbias_list1_training/whodidit.mp3?raw=true